#Date        Time         gpu     sm    mem    enc    dec    jpg    ofa   mclk   pclk  rxpci  txpci 
#YYYYMMDD    HH:MM:SS     Idx      %      %      %      %      %      %    MHz    MHz   MB/s   MB/s 
 20260527    14:37:17       0      3     14      0      0      0      0    405    210      0      0 
 20260527    14:37:18       0      2     13      0      0      0      0    405    210      0      0 
 20260527    14:37:19       0      0     13      0      0      0      0    405    210      0      0 
 20260527    14:37:20       0      0     13      0      0      0      0    405    210      0      0 
 20260527    14:37:21       0      0     13      0      0      0      0    405    210      3      0 
 20260527    14:37:22       0      3     14      0      0      0      0    405    210      0      5 
 20260527    14:37:23       0      0     13      0      0      0      0    405    210      0      0 
 20260527    14:37:24       0      0     13      0      0      0      0    405    210     11      0 
 20260527    14:37:25       0      0     14      0      0      0      0    405    210      1      0 
 20260527    14:37:26       0      2     14      0      0      0      0    405    210    231      0 
 20260527    14:37:27       0      1     14      0      0      0      0    405    210      0      0 
 20260527    14:37:28       0      0     14      0      0      0      0    405    210      0      0 
 20260527    14:37:29       0      0     14      0      0      0      0    405    210      5      0 
 20260527    14:37:31       0      1     14      0      0      0      0    405    210      0      0 
 20260527    14:37:32       0      0     14      0      0      0      0    405    210      0      0 
 20260527    14:37:33       0      0     14      0      0      0      0    405    210      3      0 
 20260527    14:37:34       0      3     14      0      0      0      0    405    210      1      0 
 20260527    14:37:35       0      0     14      0      0      0      0    405    210      0      0 
 20260527    14:37:36       0      0     14      0      0      0      0    405    210      0      0 
 20260527    14:37:37       0      0     13      0      0      0      0    405    210     10      1 
 20260527    14:37:38       0      2     13      0      0      0      0    405    210    278     16 
 20260527    14:37:39       0      0     13      0      0      0      0    405    210     14      0 
 20260527    14:37:40       0      1     14      0      0      0      0    405    210      0      0 
 20260527    14:37:41       0      0     13      0      0      0      0    405    210      1      0 
 20260527    14:37:42       0      2     13      0      0      0      0    405    210      0      0 
 20260527    14:37:43       0      0     13      0      0      0      0    405    210      4      0 
 20260527    14:37:44       0      0     13      0      0      0      0    405    210      0      0 
 20260527    14:37:46       0      3     14      0      0      0      0    405    210      1      0 
 20260527    14:37:47       0      0     13      0      0      0      0    405    210      0      0 
 20260527    14:37:48       0      0     14      0      0      0      0    405    210      0      0 
 20260527    14:37:49       0      0     14      0      0      0      0    405    210      5      1 
 20260527    14:37:50       0      4     14      0      0      0      0    405    210      1      0 
 20260527    14:37:51       0      0     14      0      0      0      0    405    210      0      1 
 20260527    14:37:52       0      0     14      0      0      0      0    405    210      1      1 
 20260527    14:37:53       0      0     14      0      0      0      0    405    210      0      0 
 20260527    14:37:54       0      2     14      0      0      0      0    405    210     16      0 
 20260527    14:37:55       0      1     14      0      0      0      0    405    210      0      0 
 20260527    14:37:56       0      0     14      0      0      0      0    405    210      0      0 
 20260527    14:37:57       0      0     14      0      0      0      0    405    210      4      0 
 20260527    14:37:58       0      2     14      0      0      0      0    405    210      4      0 
 20260527    14:37:59       0      0     13      0      0      0      0    405    210      2     10 
 20260527    14:38:01       0      0      8      0      0      0      0    405    210      0      0 
 20260527    14:38:02       0      4      9      0      0      0      0    405    210      1      0 
 20260527    14:38:03       0      0     10      0      0      0      0    405    210      0      0 
#Date        Time         gpu     sm    mem    enc    dec    jpg    ofa   mclk   pclk  rxpci  txpci 
#YYYYMMDD    HH:MM:SS     Idx      %      %      %      %      %      %    MHz    MHz   MB/s   MB/s 
 20260527    14:38:04       0      0     10      0      0      0      0    405    210      0      0 
 20260527    14:38:05       0      0     10      0      0      0      0    405    210      0      0 
 20260527    14:38:06       0      3     10      0      0      0      0    405    210      0      0 
 20260527    14:38:07       0      0     10      0      0      0      0    405    210     80    341 
 20260527    14:38:08       0      2      2      0    100      0      0  10251   2670    132    329 
 20260527    14:38:09       0      3      2      0    100      0      0  10251   2670     99    336 
 20260527    14:38:10       0      3      2      0    100      0      0  10251   2670     91    326 
 20260527    14:38:11       0      3      2      0    100      0      0  10251   2670     92    331 
 20260527    14:38:12       0      3      2      0    100      0      0  10251   2670    105    349 
 20260527    14:38:13       0      3      2      1    100      0      0  10251   2670     82    331 
 20260527    14:38:14       0      4      2      1    100      0      0  10251   2670    109    296 
 20260527    14:38:15       0      2      2      0    100      0      0  10251   2670    141    331 
 20260527    14:38:17       0      3      2      0    100      0      0  10251   2670    104    310 
 20260527    14:38:18       0      3      2      0    100      0      0  10251   2670     95    333 
 20260527    14:38:19       0      3      2      0    100      0      0  10251   2670    129    309 
 20260527    14:38:20       0      3      2      1    100      0      0  10251   2670    132    311 
 20260527    14:38:21       0      3      2      1    100      0      0  10251   2670    109    314 
 20260527    14:38:22       0      4      2      1    100      0      0  10251   2670    138    296 
 20260527    14:38:23       0      2      1      0    100      0      0  10251   2670    127    328 
 20260527    14:38:24       0      3      2      1    100      0      0  10251   2670    126    313 
 20260527    14:38:25       0      3      2      1    100      0      0  10251   2670    117    315 
 20260527    14:38:26       0      3      2      1    100      0      0  10251   2670    136    331 
 20260527    14:38:27       0      3      2      0    100      0      0  10251   2670    109    335 
 20260527    14:38:28       0      3      2      0    100      0      0  10251   2670    126    324 
 20260527    14:38:29       0      3      2      0    100      0      0  10251   2670     98    327 
 20260527    14:38:31       0      3      2      0    100      0      0  10251   2670    100    350 
 20260527    14:38:32       0      3      2      0    100      0      0  10251   2670     66    363 
 20260527    14:38:33       0      3      2      0    100      0      0  10251   2670    144    270 
 20260527    14:38:34       0      3      2      0    100      0      0  10251   2670    148    293 
 20260527    14:38:35       0      2      1      1    100      0      0  10251   2670    123    329 
 20260527    14:38:36       0      2      2      0    100      0      0  10251   2670    140    281 
 20260527    14:38:37       0      2      2      1    100      0      0  10251   2670     70    356 
 20260527    14:38:38       0      3      2      0    100      0      0  10251   2670     69    332 
 20260527    14:38:39       0      2      1      0    100      0      0  10251   2670    102    333 
 20260527    14:38:40       0      3      2      0    100      0      0  10251   2670     81    345 
 20260527    14:38:41       0      2      2      0    100      0      0  10251   2670    163    272 
 20260527    14:38:42       0      3      2      0    100      0      0  10251   2670     93    289 
 20260527    14:38:43       0      2      2      1    100      0      0  10251   2670    124    316 
 20260527    14:38:44       0      3      1      0    100      0      0  10251   2670    136    310 
 20260527    14:38:46       0      4      2      0    100      0      0  10251   2670    113    316 
 20260527    14:38:47       0      2      1      0    100      0      0  10251   2670    140    287 
 20260527    14:38:48       0      2      1      1    100      0      0  10251   2670    122    315 
 20260527    14:38:49       0      2      2      0    100      0      0  10251   2670    108    379 
 20260527    14:38:50       0      4      2      1    100      0      0  10251   2670    103    343 
#Date        Time         gpu     sm    mem    enc    dec    jpg    ofa   mclk   pclk  rxpci  txpci 
#YYYYMMDD    HH:MM:SS     Idx      %      %      %      %      %      %    MHz    MHz   MB/s   MB/s 
 20260527    14:38:51       0      3      2      1    100      0      0  10251   2670    160    291 
 20260527    14:38:52       0      2      2      0    100      0      0  10251   2670    139    311 
 20260527    14:38:53       0      3      2      1    100      0      0  10251   2670    151    313 
 20260527    14:38:54       0      2      1      1    100      0      0  10251   2670    154    311 
 20260527    14:38:55       0      2      2      0    100      0      0  10251   2670    156    312 
 20260527    14:38:56       0      2      1      0    100      0      0  10251   2670     91    309 
 20260527    14:38:57       0      3      2      1    100      0      0  10251   2670     88    313 
 20260527    14:38:58       0      2      2      0    100      0      0  10251   2670    121    316 
 20260527    14:38:59       0      3      2      1    100      0      0  10251   2670     85    330 
 20260527    14:39:01       0      3      2      1    100      0      0  10251   2670    131    301 
 20260527    14:39:02       0      3      2      0    100      0      0  10251   2670    121    313 
 20260527    14:39:03       0      2      2      0    100      0      0  10251   2670    151    312 
 20260527    14:39:04       0      2      2      1    100      0      0  10251   2670     74    344 
 20260527    14:39:05       0      2      2      1    100      0      0  10251   2670    120    315 
 20260527    14:39:06       0      3      2      0    100      0      0  10251   2670    117    293 
 20260527    14:39:07       0      3      2      1    100      0      0  10251   2670    100    335 
 20260527    14:39:08       0      2      2      0    100      0      0  10251   2670    150    347 
 20260527    14:39:09       0      3      2      0    100      0      0  10251   2670     70    351 
 20260527    14:39:10       0      3      2      0    100      0      0  10251   2670     93    310 
 20260527    14:39:11       0      2      2      1    100      0      0  10251   2670    141    315 
 20260527    14:39:12       0      2      2      0    100      0      0  10251   2670    129    330 
 20260527    14:39:13       0      2      2      1    100      0      0  10251   2670    152    292 
 20260527    14:39:15       0      2      2      0    100      0      0  10251   2670    449    270 
 20260527    14:39:16       0      2      2      1    100      0      0  10251   2670    115    325 
 20260527    14:39:17       0      3      2      1    100      0      0  10251   2670    112    330 
 20260527    14:39:18       0      3      2      0    100      0      0  10251   2670    160    273 
 20260527    14:39:19       0      2      1      1    100      0      0  10251   2670    162    291 
 20260527    14:39:20       0      2      1      0    100      0      0  10251   2670    139    293 
 20260527    14:39:21       0      2      1      1    100      0      0  10251   2670    139    297 
 20260527    14:39:22       0      2      2      0    100      0      0  10251   2670    131    316 
 20260527    14:39:23       0      2      2      1    100      0      0  10251   2670    168    274 
 20260527    14:39:24       0      3      2      0    100      0      0  10251   2670     89    331 
 20260527    14:39:25       0      2      2      1    100      0      0  10251   2670    117    330 
 20260527    14:39:26       0      3      2      1    100      0      0  10251   2670    118    329 
 20260527    14:39:27       0      2      1      1    100      0      0  10251   2670    161    293 
 20260527    14:39:28       0      2      2      0    100      0      0  10251   2670    101    375 
 20260527    14:39:30       0      3      2      1    100      0      0  10251   2670     91    342 
 20260527    14:39:31       0      3      2      0    100      0      0  10251   2670    129    291 
 20260527    14:39:32       0      3      2      0    100      0      0  10251   2670    101    328 
 20260527    14:39:33       0      2      1      0    100      0      0  10251   2670    154    252 
 20260527    14:39:34       0      4      2      1    100      0      0  10251   2670    110    311 
 20260527    14:39:35       0      2      1      0    100      0      0  10251   2670    126    312 
 20260527    14:39:36       0      2      2      1    100      0      0  10251   2670    148    294 
 20260527    14:39:37       0      2      1      0    100      0      0  10251   2670    131    297 
#Date        Time         gpu     sm    mem    enc    dec    jpg    ofa   mclk   pclk  rxpci  txpci 
#YYYYMMDD    HH:MM:SS     Idx      %      %      %      %      %      %    MHz    MHz   MB/s   MB/s 
 20260527    14:39:38       0      2      1      0    100      0      0  10251   2670    107    350 
 20260527    14:39:39       0      3      2      0    100      0      0  10251   2670    150    295 
 20260527    14:39:40       0      2      2      0    100      0      0  10251   2670    163    294 
 20260527    14:39:41       0      2      2      0    100      0      0  10251   2670    167    283 
 20260527    14:39:42       0      2      1      0    100      0      0  10251   2670    156    293 
 20260527    14:39:44       0      3      2      0    100      0      0  10251   2670    114    309 
 20260527    14:39:45       0      2      1      0    100      0      0  10251   2670     95    308 
 20260527    14:39:46       0      3      2      0    100      0      0  10251   2670    138    274 
 20260527    14:39:47       0      2      2      1    100      0      0  10251   2670    149    292 
 20260527    14:39:48       0      3      2      1    100      0      0  10251   2670    154    255 
 20260527    14:39:49       0      3      2      0    100      0      0  10251   2670    135    293 
 20260527    14:39:50       0      3      2      0    100      0      0  10251   2670     82    315 
 20260527    14:39:51       0      2      2      0    100      0      0  10251   2670    105    317 
 20260527    14:39:52       0      2      2      0    100      0      0  10251   2670    143    274 
 20260527    14:39:53       0      2      2      0    100      0      0  10251   2670    152    292 
 20260527    14:39:54       0      3      2      1    100      0      0  10251   2670    385    309 
 20260527    14:39:55       0      2      2      0    100      0      0  10251   2670    130    291 
 20260527    14:39:56       0      2      2      0    100      0      0  10251   2670    134    331 
 20260527    14:39:57       0      3      2      1    100      0      0  10251   2670     85    352 
 20260527    14:39:59       0      2      1      0    100      0      0  10251   2670     97    350 
 20260527    14:40:00       0      3      2      0    100      0      0  10251   2670    129    312 
 20260527    14:40:01       0      3      2      0    100      0      0  10251   2670    144    349 
 20260527    14:40:02       0      3      2      0    100      0      0  10251   2670    122    333 
 20260527    14:40:03       0      2      1      1    100      0      0  10251   2670     70    350 
 20260527    14:40:04       0      2      2      1    100      0      0  10251   2670    136    313 
 20260527    14:40:05       0      3      2      1    100      0      0  10251   2670     99    334 
 20260527    14:40:06       0      2      2      1    100      0      0  10251   2670    167    291 
 20260527    14:40:07       0      2      1      0    100      0      0  10251   2670    166    251 
 20260527    14:40:08       0      2      1      1    100      0      0  10251   2670    175    283 
 20260527    14:40:09       0      3      2      0    100      0      0  10251   2670    118    328 
 20260527    14:40:10       0      2      2      0    100      0      0  10251   2670    104    314 
 20260527    14:40:11       0      2      2      0    100      0      0  10251   2670     99    327 
 20260527    14:40:12       0      2      2      1    100      0      0  10251   2670    165    271 
 20260527    14:40:14       0      3      2      0    100      0      0  10251   2670    149    290 
 20260527    14:40:15       0      2      2      0    100      0      0  10251   2670    112    333 
 20260527    14:40:16       0      3      2      0    100      0      0  10251   2670    140    297 
 20260527    14:40:17       0      2      2      0    100      0      0  10251   2670    131    314 
 20260527    14:40:18       0      3      2      1    100      0      0  10251   2670     95    325 
 20260527    14:40:19       0      2      2      0    100      0      0  10251   2670     82    337 
 20260527    14:40:20       0      2      1      0    100      0      0  10251   2670    163    298 
 20260527    14:40:21       0      3      2      0    100      0      0  10251   2670     99    337 
 20260527    14:40:22       0      3      2      0    100      0      0  10251   2670    104    349 
 20260527    14:40:23       0      3      2      0    100      0      0  10251   2670    105    346 
 20260527    14:40:24       0      2      1      1    100      0      0  10251   2670    142    278 
#Date        Time         gpu     sm    mem    enc    dec    jpg    ofa   mclk   pclk  rxpci  txpci 
#YYYYMMDD    HH:MM:SS     Idx      %      %      %      %      %      %    MHz    MHz   MB/s   MB/s 
 20260527    14:40:25       0      2      1      0    100      0      0  10251   2670    146    275 
 20260527    14:40:26       0      3      2      0    100      0      0  10251   2670    181    273 
 20260527    14:40:28       0      2      1      1    100      0      0  10251   2670    140    294 
 20260527    14:40:29       0      2      2      0    100      0      0  10251   2670    157    291 
 20260527    14:40:30       0      4      2      1    100      0      0  10251   2670    133    307 
 20260527    14:40:31       0      2      2      0    100      0      0  10251   2670    154    291 
 20260527    14:40:32       0      2      2      1    100      0      0  10251   2670    102    328 
 20260527    14:40:33       0      3      2      1    100      0      0  10251   2670    111    345 
 20260527    14:40:34       0      3      2      0    100      0      0  10251   2670    219    388 
 20260527    14:40:35       0      2      2      0    100      0      0  10251   2670     63    309 
 20260527    14:40:36       0      2      2      1    100      0      0  10251   2670    142    274 
 20260527    14:40:37       0      3      2      0    100      0      0  10251   2670    111    313 
 20260527    14:40:38       0      3      2      1    100      0      0  10251   2670    140    271 
 20260527    14:40:39       0      2      1      0    100      0      0  10251   2670    151    274 
 20260527    14:40:40       0      2      1      1    100      0      0  10251   2670    120    326 
 20260527    14:40:41       0      2      1      0    100      0      0  10251   2670    177    294 
 20260527    14:40:43       0      2      1      0    100      0      0  10251   2670    143    295 
 20260527    14:40:44       0      2      2      1    100      0      0  10251   2670     97    343 
 20260527    14:40:45       0      2      1      0    100      0      0  10251   2670    162    292 
 20260527    14:40:46       0      3      2      1    100      0      0  10251   2670    172    273 
 20260527    14:40:47       0      3      2      1    100      0      0  10251   2670    105    332 
 20260527    14:40:48       0      3      2      1    100      0      0  10251   2670    124    346 
 20260527    14:40:49       0      3      2      0    100      0      0  10251   2670     96    327 
 20260527    14:40:50       0      3      1      0    100      0      0  10251   2670    165    292 
 20260527    14:40:51       0      3      2      1    100      0      0  10251   2670    110    342 
 20260527    14:40:52       0      2      1      0    100      0      0  10251   2670    139    295 
 20260527    14:40:53       0      3      2      1    100      0      0  10251   2670     93    272 
 20260527    14:40:54       0      2      2      0    100      0      0  10251   2670    135    291 
 20260527    14:40:55       0      2      1      0    100      0      0  10251   2670    157    293 
 20260527    14:40:56       0      3      2      0    100      0      0  10251   2670    122    322 
 20260527    14:40:58       0      3      2      1    100      0      0  10251   2670    124    332 
 20260527    14:40:59       0      2      2      1    100      0      0  10251   2670    147    292 
 20260527    14:41:00       0      2      2      0    100      0      0  10251   2670    537    297 
 20260527    14:41:01       0      3      2      0    100      0      0  10251   2670     99    328 
 20260527    14:41:02       0      3      2      0    100      0      0  10251   2670    139    312 
 20260527    14:41:03       0      3      2      1    100      0      0  10251   2670     81    352 
 20260527    14:41:04       0      2      2      0    100      0      0  10251   2670     76    344 
 20260527    14:41:05       0      2      1      0    100      0      0  10251   2670    146    300 
 20260527    14:41:06       0      3      2      0    100      0      0  10251   2670    132    312 
 20260527    14:41:07       0      2      1      0    100      0      0  10251   2670    130    280 
 20260527    14:41:08       0      2      1      0    100      0      0  10251   2670    163    271 
 20260527    14:41:09       0      2      1      0    100      0      0  10251   2670    123    293 
 20260527    14:41:10       0      2      2      0    100      0      0  10251   2670    172    294 
 20260527    14:41:12       0      2      2      1    100      0      0  10251   2670    126    311 
#Date        Time         gpu     sm    mem    enc    dec    jpg    ofa   mclk   pclk  rxpci  txpci 
#YYYYMMDD    HH:MM:SS     Idx      %      %      %      %      %      %    MHz    MHz   MB/s   MB/s 
 20260527    14:41:13       0      2      2      1    100      0      0  10251   2670    107    333 
 20260527    14:41:14       0      3      2      0    100      0      0  10251   2670    161    357 
 20260527    14:41:15       0      2      2      1    100      0      0  10251   2670    151    290 
 20260527    14:41:16       0      2      2      0    100      0      0  10251   2670    152    270 
 20260527    14:41:17       0      2      1      0    100      0      0  10251   2670    126    297 
 20260527    14:41:18       0      4      2      1    100      0      0  10251   2670     90    327 
 20260527    14:41:19       0      3      2      1    100      0      0  10251   2670    136    312 
 20260527    14:41:20       0      3      2      0    100      0      0  10251   2670    116    327 
 20260527    14:41:21       0      2      1      0    100      0      0  10251   2670    169    271 
 20260527    14:41:22       0      3      2      1    100      0      0  10251   2670    151    290 
 20260527    14:41:23       0      2      2      0    100      0      0  10251   2670    158    312 
 20260527    14:41:24       0      2      1      0    100      0      0  10251   2670    142    274 
 20260527    14:41:25       0      3      2      0    100      0      0  10251   2670    122    365 
 20260527    14:41:27       0      3      2      1    100      0      0  10251   2670     99    328 
 20260527    14:41:28       0      2      1      1    100      0      0  10251   2670    125    289 
 20260527    14:41:29       0      3      2      0    100      0      0  10251   2670    107    324 
 20260527    14:41:30       0      3      2      0    100      0      0  10251   2670    158    292 
 20260527    14:41:31       0      2      1      0    100      0      0  10251   2670     89    349 
 20260527    14:41:32       0      2      2      0    100      0      0  10251   2670     94    331 
 20260527    14:41:33       0      3      2      1    100      0      0  10251   2670    101    329 
 20260527    14:41:34       0      3      2      1    100      0      0  10251   2670     86    339 
 20260527    14:41:35       0      3      2      1    100      0      0  10251   2670    154    309 
 20260527    14:41:36       0      3      2      0    100      0      0  10251   2670    189    272 
 20260527    14:41:37       0      2      1      0    100      0      0  10251   2670    160    291 
 20260527    14:41:38       0      3      2      1    100      0      0  10251   2670    165    271 
 20260527    14:41:39       0      2      2      0    100      0      0  10251   2670    442    327 
 20260527    14:41:40       0      2      2      1    100      0      0  10251   2670    106    314 
 20260527    14:41:42       0      3      2      1    100      0      0  10251   2670    117    294 
 20260527    14:41:43       0      2      2      0    100      0      0  10251   2670    108    312 
 20260527    14:41:44       0      2      2      0    100      0      0  10251   2670    170    292 
 20260527    14:41:45       0      2      2      0    100      0      0  10251   2670    148    289 
 20260527    14:41:46       0      3      2      0    100      0      0  10251   2670    125    332 
 20260527    14:41:47       0      2      2      0    100      0      0  10251   2670    121    313 
 20260527    14:41:48       0      3      2      1    100      0      0  10251   2670    100    349 
 20260527    14:41:49       0      3      2      0    100      0      0  10251   2670     72    334 
 20260527    14:41:50       0      3      2      0    100      0      0  10251   2670     81    360 
 20260527    14:41:51       0      2      1      0    100      0      0  10251   2670    152    291 
 20260527    14:41:52       0      2      1      1    100      0      0  10251   2670    152    271 
 20260527    14:41:53       0      2      1      0    100      0      0  10251   2670    142    303 
 20260527    14:41:54       0      3      2      0    100      0      0  10251   2670    124    346 
 20260527    14:41:55       0      2      1      0    100      0      0  10251   2670    125    344 
 20260527    14:41:57       0      2      2      1    100      0      0  10251   2670    145    273 
 20260527    14:41:58       0      3      2      0    100      0      0  10251   2670     91    330 
 20260527    14:41:59       0      3      2      1    100      0      0  10251   2670    172    272 
#Date        Time         gpu     sm    mem    enc    dec    jpg    ofa   mclk   pclk  rxpci  txpci 
#YYYYMMDD    HH:MM:SS     Idx      %      %      %      %      %      %    MHz    MHz   MB/s   MB/s 
 20260527    14:42:00       0      2      1      0    100      0      0  10251   2670    149    315 
 20260527    14:42:01       0      2      1      0    100      0      0  10251   2670    161    271 
 20260527    14:42:02       0      3      2      0    100      0      0  10251   2670    163    297 
 20260527    14:42:03       0      2      2      1    100      0      0  10251   2670    176    255 
 20260527    14:42:04       0      2      1      0    100      0      0  10251   2670    160    295 
 20260527    14:42:05       0      2      1      1    100      0      0  10251   2670    163    287 
 20260527    14:42:06       0      3      2      0    100      0      0  10251   2670    183    272 
 20260527    14:42:07       0      2      2      0    100      0      0  10251   2670    164    273 
 20260527    14:42:08       0      2      1      0    100      0      0  10251   2670    169    272 
 20260527    14:42:09       0      2      1      1    100      0      0  10251   2670    188    273 
 20260527    14:42:11       0      2      1      0    100      0      0  10251   2670    138    295 
 20260527    14:42:12       0      2      1      1    100      0      0  10251   2670    152    306 
 20260527    14:42:13       0      2      1      0    100      0      0  10251   2670    146    312 
 20260527    14:42:14       0      3      2      0    100      0      0  10251   2670     93    330 
 20260527    14:42:15       0      2      1      1    100      0      0  10251   2670     84    331 
 20260527    14:42:16       0      3      2      0    100      0      0  10251   2670    132    254 
 20260527    14:42:17       0      3      2      0    100      0      0  10251   2670    149    284 
 20260527    14:42:18       0      3      2      0    100      0      0  10251   2670     87    346 
 20260527    14:42:19       0      3      2      1    100      0      0  10251   2670    116    362 
 20260527    14:42:20       0      2      1      0    100      0      0  10251   2670    166    270 
 20260527    14:42:21       0      2      2      0    100      0      0  10251   2670    137    294 
 20260527    14:42:22       0      3      2      0    100      0      0  10251   2670    164    272 
 20260527    14:42:23       0      2      1      0    100      0      0  10251   2670    170    252 
 20260527    14:42:24       0      2      2      0    100      0      0  10251   2670    147    290 
 20260527    14:42:26       0      3      2      0    100      0      0  10251   2670    159    276 
 20260527    14:42:27       0      2      1      1    100      0      0  10251   2670    141    285 
 20260527    14:42:28       0      3      2      1    100      0      0  10251   2670    134    252 
 20260527    14:42:29       0      2      1      0    100      0      0  10251   2670    130    305 
 20260527    14:42:30       0      3      2      1    100      0      0  10251   2670    116    310 
 20260527    14:42:31       0      2      1      0    100      0      0  10251   2670    177    274 
 20260527    14:42:32       0      2      1      0    100      0      0  10251   2670    135    296 
 20260527    14:42:33       0      2      2      0    100      0      0  10251   2670    107    313 
 20260527    14:42:34       0      3      2      1    100      0      0  10251   2670    131    331 
 20260527    14:42:35       0      3      2      0    100      0      0  10251   2670    157    292 
 20260527    14:42:36       0      2      2      1    100      0      0  10251   2670    150    271 
 20260527    14:42:37       0      2      2      0    100      0      0  10251   2670    170    280 
 20260527    14:42:38       0      2      1      0    100      0      0  10251   2670    122    293 
 20260527    14:42:39       0      2      1      0    100      0      0  10251   2670    150    274 
 20260527    14:42:41       0      2      1      0    100      0      0  10251   2670    187    250 
 20260527    14:42:42       0      3      2      0    100      0      0  10251   2670    128    294 
 20260527    14:42:43       0      3      2      1    100      0      0  10251   2670    112    293 
 20260527    14:42:44       0      2      2      0    100      0      0  10251   2670     90    330 
 20260527    14:42:45       0      2      2      1    100      0      0  10251   2670    144    398 
 20260527    14:42:46       0      3      2      0    100      0      0  10251   2670    144    274 
#Date        Time         gpu     sm    mem    enc    dec    jpg    ofa   mclk   pclk  rxpci  txpci 
#YYYYMMDD    HH:MM:SS     Idx      %      %      %      %      %      %    MHz    MHz   MB/s   MB/s 
 20260527    14:42:47       0      2      2      1    100      0      0  10251   2670    125    293 
 20260527    14:42:48       0      2      2      0    100      0      0  10251   2670    148    268 
 20260527    14:42:49       0      2      1      0    100      0      0  10251   2670    149    277 
 20260527    14:42:50       0      3      2      1    100      0      0  10251   2670    140    293 
 20260527    14:42:51       0      2      2      0    100      0      0  10251   2670    125    287 
 20260527    14:42:52       0      2      1      0    100      0      0  10251   2670    125    306 
 20260527    14:42:53       0      2      2      0    100      0      0  10251   2670    108    308 
 20260527    14:42:54       0      3      2      0    100      0      0  10251   2670    104    327 
 20260527    14:42:56       0      2      1      0    100      0      0  10251   2670     69    313 
 20260527    14:42:57       0      2      1      1    100      0      0  10251   2670    153    272 
 20260527    14:42:58       0      3      2      0    100      0      0  10251   2670    132    301 
 20260527    14:42:59       0      2      2      0    100      0      0  10251   2670    151    310 
 20260527    14:43:00       0      2      2      1    100      0      0  10251   2670    162    293 
 20260527    14:43:01       0      2      1      0    100      0      0  10251   2670    139    295 
 20260527    14:43:02       0      3      2      1    100      0      0  10251   2670    136    331 
 20260527    14:43:03       0      2      1      0    100      0      0  10251   2670     92    335 
 20260527    14:43:04       0      2      1      1    100      0      0  10251   2670    170    293 
 20260527    14:43:05       0      3      2      0    100      0      0  10251   2670    141    310 
 20260527    14:43:06       0      3      2      0    100      0      0  10251   2670    158    292 
 20260527    14:43:07       0      2      1      0    100      0      0  10251   2670    138    294 
 20260527    14:43:08       0      2      1      0    100      0      0  10251   2670    164    286 
 20260527    14:43:09       0      3      2      0    100      0      0  10251   2670    170    292 
 20260527    14:43:11       0      2      2      0    100      0      0  10251   2670    288    292 
 20260527    14:43:12       0      2      1      0    100      0      0  10251   2670    145    292 
 20260527    14:43:13       0      2      2      1    100      0      0  10251   2670    101    334 
 20260527    14:43:14       0      3      2      0    100      0      0  10251   2670    104    329 
 20260527    14:43:15       0      3      2      0    100      0      0  10251   2670     95    306 
 20260527    14:43:16       0      2      1      1    100      0      0  10251   2670    136    310 
 20260527    14:43:17       0      3      2      0    100      0      0  10251   2670    176    273 
 20260527    14:43:18       0      2      2      0    100      0      0  10251   2670    133    328 
 20260527    14:43:19       0      2      2      0    100      0      0  10251   2670     83    291 
 20260527    14:43:20       0      3      2      0    100      0      0  10251   2670    106    338 
 20260527    14:43:21       0      3      2      0    100      0      0  10251   2670     79    330 
 20260527    14:43:22       0      3      2      0    100      0      0  10251   2670     75    332 
 20260527    14:43:23       0      2      2      0    100      0      0  10251   2670     95    327 
 20260527    14:43:25       0      3      2      0    100      0      0  10251   2670    394    368 
 20260527    14:43:26       0      3      2      1    100      0      0  10251   2670    102    346 
 20260527    14:43:27       0      2      1      0    100      0      0  10251   2670    142    274 
 20260527    14:43:28       0      3      2      1    100      0      0  10251   2670    111    306 
 20260527    14:43:29       0      2      1      1    100      0      0  10251   2670    131    297 
 20260527    14:43:30       0      3      2      0    100      0      0  10251   2670    133    316 
 20260527    14:43:31       0      3      2      1    100      0      0  10251   2670    139    283 
 20260527    14:43:32       0      2      1      1    100      0      0  10251   2670    100    327 
 20260527    14:43:33       0      3      2      0    100      0      0  10251   2670    143    315 
#Date        Time         gpu     sm    mem    enc    dec    jpg    ofa   mclk   pclk  rxpci  txpci 
#YYYYMMDD    HH:MM:SS     Idx      %      %      %      %      %      %    MHz    MHz   MB/s   MB/s 
 20260527    14:43:34       0      3      2      1    100      0      0  10251   2670     94    331 
 20260527    14:43:35       0      2      2      1    100      0      0  10251   2670    150    293 
 20260527    14:43:36       0      2      2      0    100      0      0  10251   2670    143    274 
 20260527    14:43:37       0      3      2      0    100      0      0  10251   2670    183    257 
 20260527    14:43:38       0      2      2      0    100      0      0  10251   2670    170    292 
 20260527    14:43:40       0      3      2      0    100      0      0  10251   2670    104    307 
 20260527    14:43:41       0      3      2      0    100      0      0  10251   2670    147    270 
 20260527    14:43:42       0      3      2      1    100      0      0  10251   2670    174    272 
 20260527    14:43:43       0      2      2      0    100      0      0  10251   2670    141    291 
 20260527    14:43:44       0      3      2      1    100      0      0  10251   2670    158    272 
 20260527    14:43:45       0      2      2      0    100      0      0  10251   2670     94    330 
 20260527    14:43:46       0      3      2      0    100      0      0  10251   2670    114    328 
 20260527    14:43:47       0      2      2      1    100      0      0  10251   2670    152    294 
 20260527    14:43:48       0      2      1      0    100      0      0  10251   2670    137    311 
 20260527    14:43:49       0      2      2      1    100      0      0  10251   2670    123    301 
 20260527    14:43:50       0      2      2      1    100      0      0  10251   2670    236    329 
 20260527    14:43:51       0      2      2      0    100      0      0  10251   2670    162    272 
 20260527    14:43:52       0      2      1      1    100      0      0  10251   2670    157    268 
 20260527    14:43:53       0      3      2      1    100      0      0  10251   2670    170    273 
 20260527    14:43:55       0      2      1      0    100      0      0  10251   2670    128    301 
 20260527    14:43:56       0      2      1      0    100      0      0  10251   2670    179    271 
 20260527    14:43:57       0      2      1      1    100      0      0  10251   2670    121    320 
 20260527    14:43:58       0      3      2      1    100      0      0  10251   2670    179    260 
 20260527    14:43:59       0      2      1      0    100      0      0  10251   2670    139    275 
 20260527    14:44:00       0      2      1      0    100      0      0  10251   2670    153    274 
 20260527    14:44:01       0      2      1      0    100      0      0  10251   2670    167    273 
 20260527    14:44:02       0      2      2      0    100      0      0  10251   2670    141    296 
 20260527    14:44:03       0      2      1      1    100      0      0  10251   2670    147    300 
 20260527    14:44:04       0      2      1      1    100      0      0  10251   2670    156    334 
 20260527    14:44:05       0      3      2      0    100      0      0  10251   2670    146    272 
 20260527    14:44:06       0      3      2      1    100      0      0  10251   2670    123    323 
 20260527    14:44:07       0      2      1      1    100      0      0  10251   2670    173    219 
 20260527    14:44:08       0      2      1      0    100      0      0  10251   2670    123    251 
 20260527    14:44:10       0      3      2      0    100      0      0  10251   2670    110    331 
 20260527    14:44:11       0      3      2      0    100      0      0  10251   2670     94    327 
 20260527    14:44:12       0      3      2      0    100      0      0  10251   2670    100    326 
 20260527    14:44:13       0      2      1      0    100      0      0  10251   2670    194    192 
 20260527    14:44:14       0      3      1      1    100      0      0  10251   2670    123    327 
 20260527    14:44:15       0      2      2      0    100      0      0  10251   2670      0      0 
 20260527    14:44:16       0      0      1      0      0      0      0  10501   2670    247     35 
 20260527    14:44:17       0      0      7      0      0      0      0    810    450      1      2 
 20260527    14:44:18       0      0      7      0      0      0      0    810    300      0      0 
 20260527    14:44:19       0      0     13      0      0      0      0    405    210      0      0 
 20260527    14:44:20       0      0     14      0      0      0      0    405    210      0      0 
#Date        Time         gpu     sm    mem    enc    dec    jpg    ofa   mclk   pclk  rxpci  txpci 
#YYYYMMDD    HH:MM:SS     Idx      %      %      %      %      %      %    MHz    MHz   MB/s   MB/s 
 20260527    14:44:21       0      0      1      0      0      0      0  10251   2520      8      0 
 20260527    14:44:22       0      0      1      0      0      0      0  10251   2520      0      0 
 20260527    14:44:23       0      0      1      0      0      0      0  10251   2520      0      0 
 20260527    14:44:25       0      0      1      0      0      0      0  10251   2520      0      0 
 20260527    14:44:26       0      0      1      0      0      0      0  10251   2520      1      0 
 20260527    14:44:27       0      0      1      0      0      0      0  10251   2520      0      0 
 20260527    14:44:28       0      0      1      0      0      0      0  10251   2520    276     30 
 20260527    14:44:29       0      1      7      0      0      0      0    810    345      0      0 
 20260527    14:44:30       0      2      7      0      0      0      0    810    225      0      0 
 20260527    14:44:31       0      0     13      0      0      0      0    405    210      0      1 
 20260527    14:44:32       0      1     14      0      0      0      0    405    210      0      0 
 20260527    14:44:33       0      0     13      0      0      0      0    405    210     14      3 
 20260527    14:44:34       0      0     13      0      0      0      0    405    210      0      0 
 20260527    14:44:35       0      0     13      0      0      0      0    405    210      0      0 
 20260527    14:44:36       0      0     13      0      0      0      0    405    210      0      0 
 20260527    14:44:37       0      0     13      0      0      0      0    405    210      0      0 
 20260527    14:44:38       0      2     14      0      0      0      0    405    210      5      5 
 20260527    14:44:40       0      0     13      0      0      0      0    405    210      0      3 
 20260527    14:44:41       0      0     13      0      0      0      0    405    210      0      0 
 20260527    14:44:42       0      3     13      0      0      0      0    405    210      0      0 
 20260527    14:44:43       0      0     13      0      0      0      0    405    210      0      0 
 20260527    14:44:44       0      0     14      0      0      0      0    405    210      0      0 
 20260527    14:44:45       0      0     14      0      0      0      0    405    210      0      0 
 20260527    14:44:46       0      3     14      0      0      0      0    405    210      0      1 
 20260527    14:44:47       0      0     14      0      0      0      0    405    210      0      0 
 20260527    14:44:48       0      0     14      0      0      0      0    405    210      0      0 
 20260527    14:44:49       0      0     14      0      0      0      0    405    210    136      0 
 20260527    14:44:50       0      0     14      0      0      0      0    405    210      1      0 
 20260527    14:44:51       0      0     14      0      0      0      0    405    210      0      0 
 20260527    14:44:52       0      0     14      0      0      0      0    405    210      0      0 
 20260527    14:44:53       0      0     14      0      0      0      0    405    210      0      0 
 20260527    14:44:54       0      1     14      0      0      0      0    405    210      0      1 
 20260527    14:44:56       0      0     13      0      0      0      0    405    210      3      2 
 20260527    14:44:57       0      0     13      0      0      0      0    405    210      0      0 
 20260527    14:44:58       0      4     13      0      0      0      0    405    210      0      0 
 20260527    14:44:59       0      0     13      0      0      0      0    405    210      0      0 
 20260527    14:45:00       0      0     13      0      0      0      0    405    210     16      2 
 20260527    14:45:01       0      0      8      0      0      0      0    405    210    180      0 
 20260527    14:45:02       0      3      9      0      0      0      0    405    210      2      1 
 20260527    14:45:03       0      0     10      0      0      0      0    405    210      0      0 
 20260527    14:45:04       0      0     10      0      0      0      0    405    210      0      2 
 20260527    14:45:05       0      1     10      0      0      0      0    405    210      1      0 
 20260527    14:45:06       0      0     11      0      0      0      0    405    210      2      0 
 20260527    14:45:07       0      0     11      0      0      0      0    405    210      0      1 
#Date        Time         gpu     sm    mem    enc    dec    jpg    ofa   mclk   pclk  rxpci  txpci 
#YYYYMMDD    HH:MM:SS     Idx      %      %      %      %      %      %    MHz    MHz   MB/s   MB/s 
 20260527    14:45:08       0      0     11      0      0      0      0    405    210      0      0 
 20260527    14:45:09       0      0     12      0      0      0      0    405    210      0      1 
 20260527    14:45:10       0      1     12      0      0      0      0    405    210      0      0 
 20260527    14:45:12       0      0     12      0      0      0      0    405    210      4      0 
 20260527    14:45:13       0      0     13      0      0      0      0    405    210      0      7 
 20260527    14:45:14       0      3     12      0      0      0      0    405    210      1      0 
 20260527    14:45:15       0      0     12      0      0      0      0    405    210      0      0 
 20260527    14:45:16       0      0     12      0      0      0      0    405    210      0      0 
 20260527    14:45:17       0      0     12      0      0      0      0    405    210      0      0 
 20260527    14:45:18       0      2     12      0      0      0      0    405    210      0      2 
 20260527    14:45:19       0      0     12      0      0      0      0    405    210      0      0 
 20260527    14:45:20       0      1     12      0      0      0      0    405    210      0      1 
 20260527    14:45:21       0      0     12      0      0      0      0    405    210      4      0 
 20260527    14:45:22       0      1     12      0      0      0      0    405    210    132      0 
 20260527    14:45:23       0      0     12      0      0      0      0    405    210      0      0 
 20260527    14:45:24       0      1     12      0      0      0      0    405    210      0      0 
 20260527    14:45:25       0      0     12      0      0      0      0    405    210      1      0 
 20260527    14:45:26       0      0     12      0      0      0      0    405    210      0      0 
 20260527    14:45:28       0      0     12      0      0      0      0    405    210      3      0 
 20260527    14:45:29       0      0     13      0      0      0      0    405    210      0      0 
 20260527    14:45:30       0      4     13      0      0      0      0    405    210      0      0 
 20260527    14:45:31       0      0     13      0      0      0      0    405    210      3      0 
 20260527    14:45:32       0      0     13      0      0      0      0    405    210      0      0 
 20260527    14:45:33       0      0     13      0      0      0      0    405    210      4      0 
 20260527    14:45:34       0      4     14      0      0      0      0    405    210     10     25 
 20260527    14:45:35       0      0     13      0      0      0      0    405    210      0      0 
 20260527    14:45:36       0      0     13      0      0      0      0    405    210      0      2 
 20260527    14:45:37       0      0     13      0      0      0      0    405    210      0      0 
 20260527    14:45:38       0      0     13      0      0      0      0    405    210      2      0 
 20260527    14:45:39       0      2     13      0      0      0      0    405    210      0      1 
 20260527    14:45:40       0      0     13      0      0      0      0    405    210      0      0 
 20260527    14:45:41       0      0     13      0      0      0      0    405    210      4      2 
 20260527    14:45:43       0      1     13      0      0      0      0    405    210      0      0 
 20260527    14:45:44       0      0     13      0      0      0      0    405    210      2      0 
 20260527    14:45:45       0      0     13      0      0      0      0    405    210      1      4 
 20260527    14:45:46       0      3     13      0      0      0      0    405    210      1      0 
 20260527    14:45:47       0      0     13      0      0      0      0    405    210      0      0 
 20260527    14:45:48       0      0     13      0      0      0      0    405    210      0      2 
 20260527    14:45:49       0      0     13      0      0      0      0    405    210      8      2 
 20260527    14:45:50       0      1     13      0      0      0      0    405    210      0      0 
 20260527    14:45:51       0      0     14      0      0      0      0    405    210     13      0 
 20260527    14:45:52       0      0     14      0      0      0      0    405    210      0      1 
 20260527    14:45:53       0      0     13      0      0      0      0    405    210      1      0 
 20260527    14:45:54       0      1     14      0      0      0      0    405    210      0      0 
#Date        Time         gpu     sm    mem    enc    dec    jpg    ofa   mclk   pclk  rxpci  txpci 
#YYYYMMDD    HH:MM:SS     Idx      %      %      %      %      %      %    MHz    MHz   MB/s   MB/s 
 20260527    14:45:55       0      0     14      0      0      0      0    405    210      0      1 
 20260527    14:45:56       0      0     13      0      0      0      0    405    210      0      3 
 20260527    14:45:58       0      3     13      0      0      0      0    405    210      1      0 
 20260527    14:45:59       0      0     13      0      0      0      0    405    210      0      0 
 20260527    14:46:00       0      0     13      0      0      0      0    405    210     11      2 
 20260527    14:46:01       0      0      8      0      0      0      0    405    210      0      0 
 20260527    14:46:02       0      3     10      0      0      0      0    405    210      4      0 
 20260527    14:46:03       0      0     10      0      0      0      0    405    210      0      0 
 20260527    14:46:04       0      0     10      0      0      0      0    405    210      0      1 
 20260527    14:46:05       0      0     10      0      0      0      0    405    210      1      0 
 20260527    14:46:06       0      1     10      0      0      0      0    405    210      6      2 
 20260527    14:46:07       0      0     10      0      0      0      0    405    210      0      5 
 20260527    14:46:08       0      1     11      0      0      0      0    405    210      1      0 
 20260527    14:46:09       0      0     10      0      0      0      0    405    210      1      0 
 20260527    14:46:10       0      1     10      0      0      0      0    405    210      0      0 
 20260527    14:46:11       0      1     12      0      0      0      0    405    210      0      0 
 20260527    14:46:12       0      0     12      0      0      0      0    405    210      0      0 
 20260527    14:46:14       0      3     13      0      0      0      0    405    210      1      0 
 20260527    14:46:15       0      0     13      0      0      0      0    405    210      0      0 
 20260527    14:46:16       0      0     13      0      0      0      0    405    210      0      0 
 20260527    14:46:17       0      0     13      0      0      0      0    405    210    243      3 
 20260527    14:46:18       0      3     13      0      0      0      0    405    210      1      0 
 20260527    14:46:19       0      0     13      0      0      0      0    405    210      0      0 
 20260527    14:46:20       0      0     13      0      0      0      0    405    210      0      0 
 20260527    14:46:21       0      1     13      0      0      0      0    405    210      1      6 
 20260527    14:46:22       0      1     12      0      0      0      0    405    210      5      0 
 20260527    14:46:23       0      0     12      0      0      0      0    405    210      0      0 
 20260527    14:46:24       0      0     12      0      0      0      0    405    210      6      0 
 20260527    14:46:25       0      0     12      0      0      0      0    405    210      1      0 
 20260527    14:46:26       0      1     12      0      0      0      0    405    210      3      0 
 20260527    14:46:27       0      1     12      0      0      0      0    405    210      3      3 
 20260527    14:46:29       0      0     12      0      0      0      0    405    210      0      0 
 20260527    14:46:30       0      3     12      0      0      0      0    405    210      1      0 
 20260527    14:46:31       0      0     12      0      0      0      0    405    210      0      0 
 20260527    14:46:32       0      0     12      0      0      0      0    405    210      0      0 
 20260527    14:46:33       0      0     12      0      0      0      0    405    210      0      0 
 20260527    14:46:34       0      3     12      0      0      0      0    405    210      0      0 
 20260527    14:46:35       0      0     13      0      0      0      0    405    210      0      0 
 20260527    14:46:36       0      1     13      0      0      0      0    405    210      0      5 
 20260527    14:46:37       0      0     13      0      0      0      0    405    210      1      0 
 20260527    14:46:38       0      1     13      0      0      0      0    405    210    219      1 
 20260527    14:46:39       0      0     13      0      0      0      0    405    210      0      0 
 20260527    14:46:40       0      0     13      0      0      0      0    405    210      0      2 
 20260527    14:46:41       0      0     13      0      0      0      0    405    210      4      0 
#Date        Time         gpu     sm    mem    enc    dec    jpg    ofa   mclk   pclk  rxpci  txpci 
#YYYYMMDD    HH:MM:SS     Idx      %      %      %      %      %      %    MHz    MHz   MB/s   MB/s 
 20260527    14:46:43       0      1     13      0      0      0      0    405    210      0      0 
 20260527    14:46:44       0      0     12      0      0      0      0    405    210      4      0 
 20260527    14:46:45       0      0     12      0      0      0      0    405    210      0      0 
 20260527    14:46:46       0      3     12      0      0      0      0    405    210      1      0 
 20260527    14:46:47       0      0     12      0      0      0      0    405    210      0      0 
 20260527    14:46:48       0      0     12      0      0      0      0    405    210      2      0 
 20260527    14:46:49       0      1     13      0      0      0      0    405    210      5      3 
 20260527    14:46:50       0      3     12      0      0      0      0    405    210      0      2 
 20260527    14:46:51       0      0     12      0      0      0      0    405    210      0      2 
 20260527    14:46:52       0      1     12      0      0      0      0    405    210      0      0 
 20260527    14:46:53       0      0     12      0      0      0      0    405    210      0      0 
 20260527    14:46:54       0      1     12      0      0      0      0    405    210      2      0 
 20260527    14:46:55       0      0     13      0      0      0      0    405    210      0      0 
 20260527    14:46:56       0      0     13      0      0      0      0    405    210      0      0 
 20260527    14:46:57       0      0     13      0      0      0      0    405    210      5      4 
 20260527    14:46:59       0      0     13      0      0      0      0    405    210      0      0 
 20260527    14:47:00       0      0     13      0      0      0      0    405    210    230     16 
 20260527    14:47:01       0      0      0      0      0      0      0  10251   2520      0      0 
 20260527    14:47:02       0      1      0      0      0      0      0  10251   2520      1      0 
 20260527    14:47:03       0      0      0      0      0      0      0  10251   2520      0      0 
 20260527    14:47:04       0      0      0      0      0      0      0  10251   2520      0      0 
 20260527    14:47:05       0      1      5      0      0      0      0    810    360      8      2 
 20260527    14:47:06       0      1     11      0      0      0      0    405    210      0      0 
 20260527    14:47:07       0      1     11      0      0      0      0    405    210     11      0 
 20260527    14:47:08       0      1     11      0      0      0      0    405    210      0      0 
 20260527    14:47:09       0      3     13      0      0      0      0    405    210      1      3 
 20260527    14:47:10       0      1     12      0      0      0      0    405    210      0      0 
 20260527    14:47:11       0      1     13      0      0      0      0    405    210    126     19 
 20260527    14:47:12       0      0     12      0      0      0      0    405    210      0      1 
 20260527    14:47:14       0      4     12      0      0      0      0    405    210      1      0 
 20260527    14:47:15       0      1     13      0      0      0      0    405    210      3      0 
 20260527    14:47:16       0      0     12      0      0      0      0    405    210      0      0 
 20260527    14:47:17       0      0     12      0      0      0      0    405    210      0      1 
 20260527    14:47:18       0      4     12      0      0      0      0    405    210      0      0 
 20260527    14:47:19       0      0     12      0      0      0      0    405    210      0      0 
 20260527    14:47:20       0      0     12      0      0      0      0    405    210      0      0 
 20260527    14:47:21       0      2     12      0      0      0      0    405    210      6      0 
 20260527    14:47:22       0      1     12      0      0      0      0    405    210     18      1 
 20260527    14:47:23       0      0     12      0      0      0      0    405    210      0      0 
 20260527    14:47:24       0      0     12      0      0      0      0    405    210      0      0 
 20260527    14:47:25       0      2     13      0      0      0      0    405    210      1      0 
 20260527    14:47:26       0      1     12      0      0      0      0    405    210      0      0 
 20260527    14:47:27       0      1     13      0      0      0      0    405    210      0      1 
 20260527    14:47:29       0      0     13      0      0      0      0    405    210      0      0 
#Date        Time         gpu     sm    mem    enc    dec    jpg    ofa   mclk   pclk  rxpci  txpci 
#YYYYMMDD    HH:MM:SS     Idx      %      %      %      %      %      %    MHz    MHz   MB/s   MB/s 
 20260527    14:47:30       0      3     13      0      0      0      0    405    210      2      0 
 20260527    14:47:31       0      0     13      0      0      0      0    405    210      0      0 
 20260527    14:47:32       0      0     13      0      0      0      0    405    210      3      0 
 20260527    14:47:33       0      0     13      0      0      0      0    405    210    203     16 
 20260527    14:47:34       0      4     13      0      0      0      0    405    210      0      0 
 20260527    14:47:35       0      0     13      0      0      0      0    405    210      0      1 
 20260527    14:47:36       0      1     13      0      0      0      0    405    210      0      0 
 20260527    14:47:37       0      2     13      0      0      0      0    405    210     14      2 
 20260527    14:47:38       0      1     12      0      0      0      0    405    210      0      1 
 20260527    14:47:39       0      0     13      0      0      0      0    405    210      0      1 
 20260527    14:47:40       0      0     13      0      0      0      0    405    210      0      0 
 20260527    14:47:41       0      1     13      0      0      0      0    405    210      1      0 
 20260527    14:47:42       0      1     13      0      0      0      0    405    210      5      1 
 20260527    14:47:44       0      0     12      0      0      0      0    405    210      0      5 
 20260527    14:47:45       0      0     12      0      0      0      0    405    210      0      0 
 20260527    14:47:46       0      4     12      0      0      0      0    405    210      1      0 
 20260527    14:47:47       0      0     13      0      0      0      0    405    210      0      0 
 20260527    14:47:48       0      0     13      0      0      0      0    405    210      0      2 
 20260527    14:47:49       0      1     13      0      0      0      0    405    210      0      2 
 20260527    14:47:50       0      3     13      0      0      0      0    405    210      0      0 
 20260527    14:47:51       0      0     13      0      0      0      0    405    210      0      4 
 20260527    14:47:52       0      0     14      0      0      0      0    405    210      0      0 
 20260527    14:47:53       0      2     14      0      0      0      0    405    210      0      0 
 20260527    14:47:54       0      1     14      0      0      0      0    405    210    134     18 
 20260527    14:47:55       0      1     13      0      0      0      0    405    210      0      0 
 20260527    14:47:56       0      0     13      0      0      0      0    405    210      0      0 
 20260527    14:47:57       0      1     13      0      0      0      0    405    210      2      0 
 20260527    14:47:59       0      1     13      0      0      0      0    405    210      0      0 
 20260527    14:48:00       0      0     13      0      0      0      0    405    210     33      3 
 20260527    14:48:01       0      0      0      0      0      0      0  10251   2520      0      0 
 20260527    14:48:02       0      0      0      0      0      0      0  10251   2520      1      0 
 20260527    14:48:03       0      0      0      0      0      0      0  10251   2520      0      0 
 20260527    14:48:04       0      0      0      0      0      0      0  10251   2520      0      0 
 20260527    14:48:05       0      0      5      0      0      0      0    810    345      6      1 
 20260527    14:48:06       0      1      9      0      0      0      0    405    210      3      1 
 20260527    14:48:07       0      1     10      0      0      0      0    405    210      0      0 
 20260527    14:48:08       0      1     10      0      0      0      0    405    210      0      0 
 20260527    14:48:09       0      1     10      0      0      0      0    405    210      1      1 
 20260527    14:48:10       0      1     10      0      0      0      0    405    210      0      0 
 20260527    14:48:11       0      1     10      0      0      0      0    405    210      0      0 
 20260527    14:48:12       0      0     10      0      0      0      0    405    210      0      1 
 20260527    14:48:14       0      4     10      0      0      0      0    405    210      1      0 
 20260527    14:48:15       0      0     12      0      0      0      0    405    210      0      0 
 20260527    14:48:16       0      0     12      0      0      0      0    405    210    273      0 
#Date        Time         gpu     sm    mem    enc    dec    jpg    ofa   mclk   pclk  rxpci  txpci 
#YYYYMMDD    HH:MM:SS     Idx      %      %      %      %      %      %    MHz    MHz   MB/s   MB/s 
 20260527    14:48:17       0      0     12      0      0      0      0    405    210      0      0 
 20260527    14:48:18       0      4     12      0      0      0      0    405    210      0      0 
 20260527    14:48:19       0      0     12      0      0      0      0    405    210      0      0 
 20260527    14:48:20       0      0     12      0      0      0      0    405    210      0      0 
 20260527    14:48:21       0      2     12      0      0      0      0    405    210      5      0 
 20260527    14:48:22       0      1     12      0      0      0      0    405    210     11      1 
 20260527    14:48:23       0      1     12      0      0      0      0    405    210      0      0 
 20260527    14:48:24       0      0     12      0      0      0      0    405    210      3      0 
 20260527    14:48:25       0      1     12      0      0      0      0    405    210      2      0 
 20260527    14:48:26       0      1     12      0      0      0      0    405    210      4      0 
 20260527    14:48:27       0      1     12      0      0      0      0    405    210     37     25 
 20260527    14:48:29       0      0     12      0      0      0      0    405    210      0      0 
 20260527    14:48:30       0      2     12      0      0      0      0    405    210      1      0 
 20260527    14:48:31       0      0     12      0      0      0      0    405    210      0      0 
 20260527    14:48:32       0      0     12      0      0      0      0    405    210      0      0 
 20260527    14:48:33       0      1     13      0      0      0      0    405    210      0      0 
 20260527    14:48:34       0      3     13      0      0      0      0    405    210      0      0 
 20260527    14:48:35       0      0     13      0      0      0      0    405    210      0      0 
 20260527    14:48:36       0      1     13      0      0      0      0    405    210      0      0 
 20260527    14:48:37       0      1     13      0      0      0      0    405    210    172      1 
 20260527    14:48:38       0      1     13      0      0      0      0    405    210      0      0 
 20260527    14:48:39       0      0     13      0      0      0      0    405    210      0      0 
 20260527    14:48:40       0      0     13      0      0      0      0    405    210      0      3 
 20260527    14:48:41       0      1     13      0      0      0      0    405    210      1      3 
 20260527    14:48:42       0      2     13      0      0      0      0    405    210      4      0 
 20260527    14:48:43       0      0     12      0      0      0      0    405    210      0      1 
 20260527    14:48:45       0      0     12      0      0      0      0    405    210      0      0 
 20260527    14:48:46       0      3     12      0      0      0      0    405    210      1      0 
 20260527    14:48:47       0      0     12      0      0      0      0    405    210      0      0 
 20260527    14:48:48       0      0     12      0      0      0      0    405    210      4      1 
 20260527    14:48:49       0      0     12      0      0      0      0    405    210      0      0 
 20260527    14:48:50       0      2     12      0      0      0      0    405    210      0      0 
 20260527    14:48:51       0      0     12      0      0      0      0    405    210      0      0 
 20260527    14:48:52       0      0     12      0      0      0      0    405    210      0      4 
 20260527    14:48:53       0      1     13      0      0      0      0    405    210      0      0 
 20260527    14:48:54       0      1     12      0      0      0      0    405    210      0      0 
 20260527    14:48:55       0      1     12      0      0      0      0    405    210      0      0 
 20260527    14:48:56       0      0     13      0      0      0      0    405    210      1      0 
 20260527    14:48:57       0      1     13      0      0      0      0    405    210      1      1 
 20260527    14:48:58       0      1     13      0      0      0      0    405    210    293     23 
 20260527    14:49:00       0      0     13      0      0      0      0    405    210      0      0 
 20260527    14:49:01       0      0      9      0      0      0      0    405    210      0      0 
 20260527    14:49:02       0      3     10      0      0      0      0    405    210      1      0 
 20260527    14:49:03       0      0     10      0      0      0      0    405    210      0      0 
#Date        Time         gpu     sm    mem    enc    dec    jpg    ofa   mclk   pclk  rxpci  txpci 
#YYYYMMDD    HH:MM:SS     Idx      %      %      %      %      %      %    MHz    MHz   MB/s   MB/s 
 20260527    14:49:04       0      0     10      0      0      0      0    405    210      3      0 
 20260527    14:49:05       0      1     10      0      0      0      0    405    210      0      4 
 20260527    14:49:06       0      3     10      0      0      0      0    405    210      0      0 
 20260527    14:49:07       0      0     10      0      0      0      0    405    210      0      1 
 20260527    14:49:08       0      0     10      0      0      0      0    405    210      0      0 
 20260527    14:49:09       0      1     10      0      0      0      0    405    210      0      0 
 20260527    14:49:10       0      1     10      0      0      0      0    405    210    133     23 
 20260527    14:49:11       0      2     11      0      0      0      0    405    210      1      0 
 20260527    14:49:12       0      0     10      0      0      0      0    405    210      0      0 
 20260527    14:49:13       0      1     11      0      0      0      0    405    210      0      2 
 20260527    14:49:15       0      1     11      0      0      0      0    405    210      0      0 
 20260527    14:49:16       0      0     11      0      0      0      0    405    210      3      1 
 20260527    14:49:17       0      0     11      0      0      0      0    405    210      0      0 
 20260527    14:49:18       0      3     11      0      0      0      0    405    210      1      0 
 20260527    14:49:19       0      0     12      0      0      0      0    405    210      0      0 
 20260527    14:49:20       0      0     12      0      0      0      0    405    210      0      0 
 20260527    14:49:21       0      1     12      0      0      0      0    405    210     12      0 
 20260527    14:49:22       0      3     12      0      0      0      0    405    210      0      9 
 20260527    14:49:23       0      0     12      0      0      0      0    405    210     11      0 
 20260527    14:49:24       0      0     12      0      0      0      0    405    210      0      0 
 20260527    14:49:25       0      1     12      0      0      0      0    405    210      3      0 
 20260527    14:49:26       0      1     12      0      0      0      0    405    210      0      1 
 20260527    14:49:27       0      1     12      0      0      0      0    405    210      1      0 
 20260527    14:49:28       0      0     12      0      0      0      0    405    210      0      0 
 20260527    14:49:29       0      0     12      0      0      0      0    405    210      1      0 
 20260527    14:49:31       0      1     12      0      0      0      0    405    210      0      0 
 20260527    14:49:32       0      0     12      0      0      0      0    405    210      5      0 
 20260527    14:49:33       0      0     12      0      0      0      0    405    210      4      3 
 20260527    14:49:34       0      3     12      0      0      0      0    405    210      1      0 
 20260527    14:49:35       0      0     12      0      0      0      0    405    210      0      0 
 20260527    14:49:36       0      0     13      0      0      0      0    405    210      0      0 
 20260527    14:49:37       0      1     13      0      0      0      0    405    210      0      2 
 20260527    14:49:38       0      0     13      0      0      0      0    405    210      0      1 
 20260527    14:49:39       0      0     13      0      0      0      0    405    210      0      0 
 20260527    14:49:40       0      1     13      0      0      0      0    405    210      0      0 
 20260527    14:49:41       0      0     13      0      0      0      0    405    210      1      0 
 20260527    14:49:42       0      0     14      0      0      0      0    405    210      0      1 
 20260527    14:49:43       0      0     14      0      0      0      0    405    210    239     19 
 20260527    14:49:44       0      0     14      0      0      0      0    405    210      0      0 
 20260527    14:49:46       0      0     14      0      0      0      0    405    210      2      0 
 20260527    14:49:47       0      1     13      0      0      0      0    405    210      0      0 
 20260527    14:49:48       0      0     13      0      0      0      0    405    210      0      0 
 20260527    14:49:49       0      0     13      0      0      0      0    405    210      0      0 
 20260527    14:49:50       0      4     13      0      0      0      0    405    210      1      2 
#Date        Time         gpu     sm    mem    enc    dec    jpg    ofa   mclk   pclk  rxpci  txpci 
#YYYYMMDD    HH:MM:SS     Idx      %      %      %      %      %      %    MHz    MHz   MB/s   MB/s 
 20260527    14:49:51       0      0     13      0      0      0      0    405    210      0      0 
 20260527    14:49:52       0      0     13      0      0      0      0    405    210      0      0 
 20260527    14:49:53       0      0     13      0      0      0      0    405    210      1      2 
 20260527    14:49:54       0      0     13      0      0      0      0    405    210     11      0 
 20260527    14:49:55       0      0     13      0      0      0      0    405    210      0      0 
 20260527    14:49:56       0      0     13      0      0      0      0    405    210      0      0 
 20260527    14:49:57       0      0     13      0      0      0      0    405    210      2      0 
 20260527    14:49:58       0      0     13      0      0      0      0    405    210      1      0 
 20260527    14:49:59       0      1     13      0      0      0      0    405    210      4      0 
 20260527    14:50:01       0     13      9      0      0      0      0    405    210      0      0 
 20260527    14:50:02       0      3     12      0      0      0      0    405    210      0      0 
 20260527    14:50:03       0      0     12      0      0      0      0    405    210      0      0 
 20260527    14:50:04       0      0     12      0      0      0      0    405    210      0      0 
 20260527    14:50:05       0      0     12      0      0      0      0    405    210      5      8 
 20260527    14:50:06       0      3     12      0      0      0      0    405    210      0      0 
 20260527    14:50:07       0      0     12      0      0      0      0    405    210      0      0 
 20260527    14:50:08       0      0     12      0      0      0      0    405    210      3      1 
 20260527    14:50:09       0      1     12      0      0      0      0    405    210      0      0 
 20260527    14:50:10       0      0     12      0      0      0      0    405    210     11      0 
 20260527    14:50:11       0      0     12      0      0      0      0    405    210      0      0 
 20260527    14:50:12       0      0     12      0      0      0      0    405    210      0      0 
 20260527    14:50:13       0      0     12      0      0      0      0    405    210      0      0 
 20260527    14:50:14       0      0     12      0      0      0      0    405    210      9      0 
 20260527    14:50:15       0      1     12      0      0      0      0    405    210      4      1 
 20260527    14:50:17       0      0     12      0      0      0      0    405    210      0      0 
 20260527    14:50:18       0      3     12      0      0      0      0    405    210      0      0 
 20260527    14:50:19       0      1     12      0      0      0      0    405    210      0      0 
 20260527    14:50:20       0      0     12      0      0      0      0    405    210      0      0 
 20260527    14:50:21       0      0     12      0      0      0      0    405    210      0      0 
 20260527    14:50:22       0      2     12      0      0      0      0    405    210      0      0 
 20260527    14:50:23       0      0     13      0      0      0      0    405    210      0      0 
 20260527    14:50:24       0      0     13      0      0      0      0    405    210      0      0 
 20260527    14:50:25       0      0     13      0      0      0      0    405    210     15      1 
 20260527    14:50:26       0      0     13      0      0      0      0    405    210     20      0 
 20260527    14:50:27       0      0     13      0      0      0      0    405    210      0      0 
 20260527    14:50:28       0      1     13      0      0      0      0    405    210      0      0 
 20260527    14:50:29       0      0     13      0      0      0      0    405    210      1      3 
 20260527    14:50:30       0      0     13      0      0      0      0    405    210      0      0 
 20260527    14:50:31       0      0     13      0      0      0      0    405    210      0      1 
 20260527    14:50:33       0      0     13      0      0      0      0    405    210      0      1 
 20260527    14:50:34       0      3     13      0      0      0      0    405    210      1      0 
 20260527    14:50:35       0      0     13      0      0      0      0    405    210      0      0 
 20260527    14:50:36       0      0     13      0      0      0      0    405    210      0      0 
 20260527    14:50:37       0      0     13      0      0      0      0    405    210      0      0 
#Date        Time         gpu     sm    mem    enc    dec    jpg    ofa   mclk   pclk  rxpci  txpci 
#YYYYMMDD    HH:MM:SS     Idx      %      %      %      %      %      %    MHz    MHz   MB/s   MB/s 
 20260527    14:50:38       0      2     13      0      0      0      0    405    210    133     24 
 20260527    14:50:39       0      0     13      0      0      0      0    405    210      0      0 
 20260527    14:50:40       0      0     13      0      0      0      0    405    210      0      0 
 20260527    14:50:41       0      1     13      0      0      0      0    405    210     16      0 
 20260527    14:50:42       0      0     13      0      0      0      0    405    210      3      0 
 20260527    14:50:43       0      0     13      0      0      0      0    405    210      0      1 
 20260527    14:50:44       0      1     13      0      0      0      0    405    210      0      0 
 20260527    14:50:45       0      0     13      0      0      0      0    405    210      2      1 
 20260527    14:50:46       0      1     13      0      0      0      0    405    210      0      0 
 20260527    14:50:48       0      0     14      0      0      0      0    405    210      0      0 
 20260527    14:50:49       0      0     13      0      0      0      0    405    210      4      1 
 20260527    14:50:50       0      4     13      0      0      0      0    405    210      1      3 
 20260527    14:50:51       0      0     13      0      0      0      0    405    210      0      0 
 20260527    14:50:52       0      1     13      0      0      0      0    405    210      0      0 
 20260527    14:50:53       0      0     13      0      0      0      0    405    210      0      0 
 20260527    14:50:54       0      2     13      0      0      0      0    405    210      0      1 
 20260527    14:50:55       0      0     13      0      0      0      0    405    210      0      1 
 20260527    14:50:56       0      0     14      0      0      0      0    405    210      0      1 
 20260527    14:50:57       0      4     14      0      0      0      0    405    210      4      0 
 20260527    14:50:58       0      1     14      0      0      0      0    405    210      0      0 
 20260527    14:50:59       0      0     14      0      0      0      0    405    210      3      1 
 20260527    14:51:00       0      8     11      0      0      0      0    405    210      0      4 
 20260527    14:51:01       0      4     10      0      0      0      0    405    210      3      2 
 20260527    14:51:02       0      1     10      0      0      0      0    405    210      0      1 
 20260527    14:51:04       0      0     11      0      0      0      0    405    210      0      0 
 20260527    14:51:05       0      0     11      0      0      0      0    405    210      0      0 
 20260527    14:51:06       0      4     11      0      0      0      0    405    210      4      0 
 20260527    14:51:07       0      1     11      0      0      0      0    405    210      0      0 
 20260527    14:51:08       0      0     11      0      0      0      0    405    210      0      0 
 20260527    14:51:09       0      0     11      0      0      0      0    405    210      0      0 
 20260527    14:51:10       0      3     11      0      0      0      0    405    210      0      0 
 20260527    14:51:11       0      1     11      0      0      0      0    405    210    224     28 
 20260527    14:51:12       0      0     11      0      0      0      0    405    210      0      0 
 20260527    14:51:13       0      3     11      0      0      0      0    405    210      1      0 
 20260527    14:51:14       0      1     11      0      0      0      0    405    210      0      0 
 20260527    14:51:15       0      1     11      0      0      0      0    405    210      0      3 
 20260527    14:51:16       0      1     12      0      0      0      0    405    210      0      0 
 20260527    14:51:17       0      2     12      0      0      0      0    405    210      1      1 
 20260527    14:51:19       0      0     12      0      0      0      0    405    210      0      0 
 20260527    14:51:20       0      0     13      0      0      0      0    405    210      0      0 
 20260527    14:51:21       0      0     13      0      0      0      0    405    210      0      0 
 20260527    14:51:22       0      4     13      0      0      0      0    405    210      1      0 
 20260527    14:51:23       0      0     13      0      0      0      0    405    210    300     18 
 20260527    14:51:24       0      1     13      0      0      0      0    405    210      0      0 
#Date        Time         gpu     sm    mem    enc    dec    jpg    ofa   mclk   pclk  rxpci  txpci 
#YYYYMMDD    HH:MM:SS     Idx      %      %      %      %      %      %    MHz    MHz   MB/s   MB/s 
 20260527    14:51:25       0      0     13      0      0      0      0    405    210      1      0 
 20260527    14:51:26       0      1     13      0      0      0      0    405    210      0      2 
 20260527    14:51:27       0      1     13      0      0      0      0    405    210      0      0 
 20260527    14:51:28       0      0     13      0      0      0      0    405    210      3      0 
 20260527    14:51:29       0      3     13      0      0      0      0    405    210      0      1 
 20260527    14:51:30       0      1     13      0      0      0      0    405    210      0      0 
 20260527    14:51:31       0      1     13      0      0      0      0    405    210      2      0 
 20260527    14:51:32       0      0     12      0      0      0      0    405    210      0      0 
 20260527    14:51:34       0      2     12      0      0      0      0    405    210      4      0 
 20260527    14:51:35       0      0     12      0      0      0      0    405    210    163     28 
 20260527    14:51:36       0      0     12      0      0      0      0    405    210      0      0 
 20260527    14:51:37       0      0     12      0      0      0      0    405    210      0      0 
 20260527    14:51:38       0      4     13      0      0      0      0    405    210      1      0 
 20260527    14:51:39       0      0     13      0      0      0      0    405    210      0      0 
 20260527    14:51:40       0      1     13      0      0      0      0    405    210      4      0 
 20260527    14:51:41       0      3     14      0      0      0      0    405    210      1      3 
 20260527    14:51:42       0      1     13      0      0      0      0    405    210      0      0 
 20260527    14:51:43       0      1     13      0      0      0      0    405    210      0      0 
 20260527    14:51:44       0      0     13      0      0      0      0    405    210      0      0 
 20260527    14:51:45       0      2     14      0      0      0      0    405    210      1      0 
 20260527    14:51:46       0      1     13      0      0      0      0    405    210    262     18 
 20260527    14:51:47       0      1     13      0      0      0      0    405    210      0      1 
 20260527    14:51:49       0      0     12      0      0      0      0    405    210      0      0 
 20260527    14:51:50       0      3     12      0      0      0      0    405    210      0      2 
 20260527    14:51:51       0      0     12      0      0      0      0    405    210      0      0 
 20260527    14:51:52       0      0     12      0      0      0      0    405    210      0      1 
 20260527    14:51:53       0      1     13      0      0      0      0    405    210      0      0 
 20260527    14:51:54       0      3     12      0      0      0      0    405    210      0      0 
 20260527    14:51:55       0      0     12      0      0      0      0    405    210      0      0 
 20260527    14:51:56       0      1     13      0      0      0      0    405    210      4      1 
 20260527    14:51:57       0      2     13      0      0      0      0    405    210      5      4 
 20260527    14:51:58       0      1     12      0      0      0      0    405    210      0      0 
 20260527    14:51:59       0      1     13      0      0      0      0    405    210      0      0 
 20260527    14:52:00       0      1      0      0      0      0      0  10251   2520      0      0 
 20260527    14:52:01       0      0      0      0      0      0      0  10251   2520      2      2 
 20260527    14:52:02       0      0      0      0      0      0      0  10251   2520      0      0 
 20260527    14:52:04       0      0      0      0      0      0      0  10251   2520      0      0 
 20260527    14:52:05       0      0      6      0      0      0      0    810    360      0      0 
 20260527    14:52:06       0      3     11      0      0      0      0    405    225      1      0 
 20260527    14:52:07       0      0     13      0      0      0      0    405    210      0      2 
 20260527    14:52:08       0      0     13      0      0      0      0    405    210    233      2 
 20260527    14:52:09       0      1     13      0      0      0      0    405    210      0      0 
 20260527    14:52:10       0      3     13      0      0      0      0    405    210      2      0 
 20260527    14:52:11       0      0     12      0      0      0      0    405    210      0      0 
#Date        Time         gpu     sm    mem    enc    dec    jpg    ofa   mclk   pclk  rxpci  txpci 
#YYYYMMDD    HH:MM:SS     Idx      %      %      %      %      %      %    MHz    MHz   MB/s   MB/s 
 20260527    14:52:12       0      1     13      0      0      0      0    405    210     12      0 
 20260527    14:52:13       0      2     13      0      0      0      0    405    210      5      0 
 20260527    14:52:14       0      1     12      0      0      0      0    405    210      0      0 
 20260527    14:52:15       0      1     13      0      0      0      0    405    210      0      0 
 20260527    14:52:16       0      0     13      0      0      0      0    405    210      0      0 
 20260527    14:52:17       0      2     13      0      0      0      0    405    210      6      1 
 20260527    14:52:18       0      2     13      0      0      0      0    405    210      4      3 
 20260527    14:52:20       0      0     13      0      0      0      0    405    210      0      0 
 20260527    14:52:21       0      0     13      0      0      0      0    405    210      0      0 
 20260527    14:52:22       0      5     13      0      0      0      0    405    210      0      0 
 20260527    14:52:23       0      0     13      0      0      0      0    405    210      0      0 
 20260527    14:52:24       0      0     13      0      0      0      0    405    210      0      2 
 20260527    14:52:25       0      1     13      0      0      0      0    405    210      0      0 
 20260527    14:52:26       0      4     14      0      0      0      0    405    210      2      0 
 20260527    14:52:27       0      0     14      0      0      0      0    405    210      0      0 
 20260527    14:52:28       0      1     14      0      0      0      0    405    210     12      0 
 20260527    14:52:29       0      2     14      0      0      0      0    405    210     31      0 
 20260527    14:52:30       0      1     14      0      0      0      0    405    210      0      0 
 20260527    14:52:31       0      0     14      0      0      0      0    405    210      0      0 
 20260527    14:52:32       0      1     14      0      0      0      0    405    210      0      0 
 20260527    14:52:33       0      2     13      0      0      0      0    405    210      6      1 
 20260527    14:52:34       0      1     13      0      0      0      0    405    210      4      1 
 20260527    14:52:36       0      0     13      0      0      0      0    405    210      0      0 
 20260527    14:52:37       0      1     13      0      0      0      0    405    210      0      0 
 20260527    14:52:38       0      3     13      0      0      0      0    405    210      1      0 
 20260527    14:52:39       0      0     13      0      0      0      0    405    210      4      0 
 20260527    14:52:40       0      0     13      0      0      0      0    405    210      0      3 
 20260527    14:52:41       0      1     13      0      0      0      0    405    210      0      2 
 20260527    14:52:42       0      3     13      0      0      0      0    405    210      0      2 
 20260527    14:52:43       0      0     13      0      0      0      0    405    210      0      2 
 20260527    14:52:44       0      0     14      0      0      0      0    405    210      0      0 
 20260527    14:52:45       0      2     14      0      0      0      0    405    210      1      0 
 20260527    14:52:46       0      2     14      0      0      0      0    405    210      0      0 
 20260527    14:52:47       0      1     14      0      0      0      0    405    210      0      0 
 20260527    14:52:48       0      0     14      0      0      0      0    405    210      0      0 
 20260527    14:52:49       0      2     14      0      0      0      0    405    210      3      1 
 20260527    14:52:51       0      2     14      0      0      0      0    405    210    155     22 
 20260527    14:52:52       0      0     14      0      0      0      0    405    210      0      0 
 20260527    14:52:53       0      0     14      0      0      0      0    405    210      0      0 
 20260527    14:52:54       0      3     13      0      0      0      0    405    210      1      0 
 20260527    14:52:55       0      0     13      0      0      0      0    405    210      0      0 
 20260527    14:52:56       0      1     13      0      0      0      0    405    210      0      0 
 20260527    14:52:57       0      0     13      0      0      0      0    405    210      1      0 
 20260527    14:52:58       0      3     13      0      0      0      0    405    210      0      0 
#Date        Time         gpu     sm    mem    enc    dec    jpg    ofa   mclk   pclk  rxpci  txpci 
#YYYYMMDD    HH:MM:SS     Idx      %      %      %      %      %      %    MHz    MHz   MB/s   MB/s 
 20260527    14:52:59       0      1     13      0      0      0      0    405    210      3      0 
 20260527    14:53:00       0     12     10      0      0      0      0    405    210      0      1 
 20260527    14:53:01       0      2      9      0      0      0      0    405    210      0      4 
 20260527    14:53:02       0      1     10      0      0      0      0    405    210      0      0 
 20260527    14:53:03       0      0     10      0      0      0      0    405    210      0      0 
 20260527    14:53:04       0      1     10      0      0      0      0    405    210      1      0 
 20260527    14:53:06       0      2     11      0      0      0      0    405    210      2      0 
 20260527    14:53:07       0      0     11      0      0      0      0    405    210      0      0 
 20260527    14:53:08       0      0     11      0      0      0      0    405    210      0      0 
 20260527    14:53:09       0      1     11      0      0      0      0    405    210      0      0 
 20260527    14:53:10       0      2     11      0      0      0      0    405    210      1      0 
 20260527    14:53:11       0      0     12      0      0      0      0    405    210      0      0 
 20260527    14:53:12       0      0     12      0      0      0      0    405    210    300     21 
 20260527    14:53:13       0      0     12      0      0      0      0    405    210      1      2 
 20260527    14:53:14       0      1     12      0      0      0      0    405    210      0      5 
 20260527    14:53:15       0      1     12      0      0      0      0    405    210      0      0 
 20260527    14:53:16       0      0     12      0      0      0      0    405    210      0      2 
 20260527    14:53:17       0      2     12      0      0      0      0    405    210      0      0 
 20260527    14:53:18       0      2     12      0      0      0      0    405    210      0      0 
 20260527    14:53:19       0      1     12      0      0      0      0    405    210      0      0 
 20260527    14:53:20       0      0     12      0      0      0      0    405    210      1      0 
 20260527    14:53:22       0      1     12      0      0      0      0    405    210      2      2 
 20260527    14:53:23       0      0     12      0      0      0      0    405    210      0      0 
 20260527    14:53:24       0      0     12      0      0      0      0    405    210      0      0 
 20260527    14:53:25       0      1     12      0      0      0      0    405    210      0      0 
 20260527    14:53:26       0      2     12      0      0      0      0    405    210      0      0 
 20260527    14:53:27       0      0     12      0      0      0      0    405    210      0      0 
 20260527    14:53:28       0      1     12      0      0      0      0    405    210      3      0 
 20260527    14:53:29       0      0     12      0      0      0      0    405    210      1      2 
 20260527    14:53:30       0      1     12      0      0      0      0    405    210     12      0 
 20260527    14:53:31       0      1     13      0      0      0      0    405    210      0      0 
 20260527    14:53:32       0      0     13      0      0      0      0    405    210      4      0 
 20260527    14:53:33       0      2     13      0      0      0      0    405    210      5     13 
 20260527    14:53:34       0      1     13      0      0      0      0    405    210      3      0 
 20260527    14:53:35       0      1     13      0      0      0      0    405    210      0      1 
 20260527    14:53:37       0      0     13      0      0      0      0    405    210      0      1 
 20260527    14:53:38       0      3     12      0      0      0      0    405    210      0      0 
 20260527    14:53:39       0      0     12      0      0      0      0    405    210      0      0 
 20260527    14:53:40       0      0     12      0      0      0      0    405    210      0      0 
 20260527    14:53:41       0      0     12      0      0      0      0    405    210      0      0 
 20260527    14:53:42       0      3     12      0      0      0      0    405    210      0      0 
 20260527    14:53:43       0      0     12      0      0      0      0    405    210    250     11 
 20260527    14:53:44       0      0     12      0      0      0      0    405    210      0      0 
 20260527    14:53:45       0      0     12      0      0      0      0    405    210      2      2 
#Date        Time         gpu     sm    mem    enc    dec    jpg    ofa   mclk   pclk  rxpci  txpci 
#YYYYMMDD    HH:MM:SS     Idx      %      %      %      %      %      %    MHz    MHz   MB/s   MB/s 
 20260527    14:53:46       0      2     13      0      0      0      0    405    210      0      0 
 20260527    14:53:47       0      1     12      0      0      0      0    405    210      0      0 
 20260527    14:53:48       0      0     13      0      0      0      0    405    210      0      0 
 20260527    14:53:49       0      2     13      0      0      0      0    405    210      0      0 
 20260527    14:53:50       0      1     13      0      0      0      0    405    210      0      0 
 20260527    14:53:51       0      0     13      0      0      0      0    405    210      3      2 
 20260527    14:53:53       0      0     13      0      0      0      0    405    210      1      1 
 20260527    14:53:54       0      3     14      0      0      0      0    405    210      0      1 
 20260527    14:53:55       0      0     13      0      0      0      0    405    210      0      0 
 20260527    14:53:56       0      1     14      0      0      0      0    405    210      0      0 
 20260527    14:53:57       0      0     13      0      0      0      0    405    210      0      0 
 20260527    14:53:58       0      3     13      0      0      0      0    405    210      5      0 
 20260527    14:53:59       0      0     13      0      0      0      0    405    210      0      0 
 20260527    14:54:00       0      0     13      0      0      0      0    405    210      0      0 
 20260527    14:54:01       0      0      0      0      0      0      0  10251   2520      0      4 
 20260527    14:54:02       0      0      0      0      0      0      0  10251   2520      0      0 
 20260527    14:54:03       0      0      0      0      0      0      0  10251   2520      0      0 
 20260527    14:54:04       0      0      5      0      0      0      0    810    435      2     13 
 20260527    14:54:05       0      1      5      0      0      0      0    810    270      2      0 
 20260527    14:54:06       0      1      9      0      0      0      0    405    210      0      0 
 20260527    14:54:07       0      0      9      0      0      0      0    405    210      1      0 
 20260527    14:54:09       0      0      9      0      0      0      0    405    210      3      0 
 20260527    14:54:10       0      2      9      0      0      0      0    405    210      0      0 
 20260527    14:54:11       0      0      9      0      0      0      0    405    210      0      0 
 20260527    14:54:12       0      0      9      0      0      0      0    405    210      0      0 
 20260527    14:54:13       0      0     10      0      0      0      0    405    210      0      0 
 20260527    14:54:14       0      3     10      0      0      0      0    405    210      0      2 
 20260527    14:54:15       0      0     10      0      0      0      0    405    210      0      0 
 20260527    14:54:16       0      0     11      0      0      0      0    405    210      0      2 
 20260527    14:54:17       0      1     12      0      0      0      0    405    210      1      0 
 20260527    14:54:18       0      1     11      0      0      0      0    405    210      0      0 
 20260527    14:54:19       0      0     11      0      0      0      0    405    210      0      0 
 20260527    14:54:20       0      0     11      0      0      0      0    405    210      3      0 
 20260527    14:54:21       0      0     11      0      0      0      0    405    210      0      0 
 20260527    14:54:22       0      0     11      0      0      0      0    405    210      0      1 
 20260527    14:54:24       0      0     11      0      0      0      0    405    210      0      0 
 20260527    14:54:25       0      0     11      0      0      0      0    405    210      4      0 
 20260527    14:54:26       0      3     11      0      0      0      0    405    210      8     14 
 20260527    14:54:27       0      1     12      0      0      0      0    405    210      0      0 
 20260527    14:54:28       0      0     12      0      0      0      0    405    210      0      0 
 20260527    14:54:29       0      0     12      0      0      0      0    405    210      0      0 
 20260527    14:54:30       0      3     12      0      0      0      0    405    210      2      0 
 20260527    14:54:31       0      0     12      0      0      0      0    405    210      0      1 
 20260527    14:54:32       0      0     12      0      0      0      0    405    210     11      0 
#Date        Time         gpu     sm    mem    enc    dec    jpg    ofa   mclk   pclk  rxpci  txpci 
#YYYYMMDD    HH:MM:SS     Idx      %      %      %      %      %      %    MHz    MHz   MB/s   MB/s 
 20260527    14:54:33       0      0     12      0      0      0      0    405    210      0      0 
 20260527    14:54:34       0      0     12      0      0      0      0    405    210      0      0 
 20260527    14:54:35       0      0     12      0      0      0      0    405    210    230      0 
 20260527    14:54:36       0      1     13      0      0      0      0    405    210      0      0 
 20260527    14:54:37       0      1     13      0      0      0      0    405    210      5      0 
 20260527    14:54:38       0      0     13      0      0      0      0    405    210      1      2 
 20260527    14:54:40       0      1     13      0      0      0      0    405    210      0      0 
 20260527    14:54:41       0      0     13      0      0      0      0    405    210      0      0 
 20260527    14:54:42       0      3     13      0      0      0      0    405    210      1      1 
 20260527    14:54:43       0      0     13      0      0      0      0    405    210      3      0 
 20260527    14:54:44       0      0     12      0      0      0      0    405    210      0      0 
 20260527    14:54:45       0      0     13      0      0      0      0    405    210      0      3 
 20260527    14:54:46       0      4     13      0      0      0      0    405    210      5      0 
 20260527    14:54:47       0      1     13      0      0      0      0    405    210      0      6 
 20260527    14:54:48       0      0     13      0      0      0      0    405    210      0      0 
 20260527    14:54:49       0      3     13      0      0      0      0    405    210      0      0 
 20260527    14:54:50       0      0     13      0      0      0      0    405    210      0      0 
 20260527    14:54:51       0      0     13      0      0      0      0    405    210      0      0 
 20260527    14:54:52       0      2     13      0      0      0      0    405    210      0      0 
 20260527    14:54:53       0      3     13      0      0      0      0    405    210      0      0 
 20260527    14:54:55       0      1     12      0      0      0      0    405    210      2      2 
 20260527    14:54:56       0      1     12      0      0      0      0    405    210      0      0 
 20260527    14:54:57       0      0     12      0      0      0      0    405    210    233      0 
 20260527    14:54:58       0      4     12      0      0      0      0    405    210      1      0 
 20260527    14:54:59       0      0     12      0      0      0      0    405    210      0      0 
 20260527    14:55:00       0      0     12      0      0      0      0    405    210     12      4 
 20260527    14:55:01       0      0      8      0      0      0      0    405    210      8      0 
 20260527    14:55:02       0      5     10      0      0      0      0    405    210      0      1 
 20260527    14:55:03       0      1     12      0      0      0      0    405    210     11      1 
 20260527    14:55:04       0      0     12      0      0      0      0    405    210      0      0 
 20260527    14:55:05       0      4     13      0      0      0      0    405    210      1      0 
 20260527    14:55:06       0      1     12      0      0      0      0    405    210      0      0 
 20260527    14:55:07       0      1     12      0      0      0      0    405    210      0      0 
 20260527    14:55:08       0      0     13      0      0      0      0    405    210    273     22 
 20260527    14:55:10       0      4     13      0      0      0      0    405    210      3      1 
 20260527    14:55:11       0      0     13      0      0      0      0    405    210      0      0 
 20260527    14:55:12       0      1     13      0      0      0      0    405    210      0      0 
 20260527    14:55:13       0      0     13      0      0      0      0    405    210      0      0 
 20260527    14:55:14       0      3     12      0      0      0      0    405    210      0      1 
 20260527    14:55:15       0      1     13      0      0      0      0    405    210      0      0 
 20260527    14:55:16       0      0     12      0      0      0      0    405    210      0      0 
 20260527    14:55:17       0      0     12      0      0      0      0    405    210      0      4 
 20260527    14:55:18       0      1     12      0      0      0      0    405    210     14      1 
 20260527    14:55:19       0      1     12      0      0      0      0    405    210      0      3 
#Date        Time         gpu     sm    mem    enc    dec    jpg    ofa   mclk   pclk  rxpci  txpci 
#YYYYMMDD    HH:MM:SS     Idx      %      %      %      %      %      %    MHz    MHz   MB/s   MB/s 
 20260527    14:55:20       0      0     12      0      0      0      0    405    210      0      0 
 20260527    14:55:21       0      4     13      0      0      0      0    405    210      0      0 
 20260527    14:55:22       0      1     12      0      0      0      0    405    210      0      0 
 20260527    14:55:23       0      0     12      0      0      0      0    405    210      0      0 
 20260527    14:55:25       0      1     13      0      0      0      0    405    210      3      2 
 20260527    14:55:26       0      4     13      0      0      0      0    405    210      2      0 
 20260527    14:55:27       0      0     13      0      0      0      0    405    210      0      0 
 20260527    14:55:28       0      0     13      0      0      0      0    405    210      0      0 
 20260527    14:55:29       0      0     13      0      0      0      0    405    210      4      0 
 20260527    14:55:30       0      4     13      0      0      0      0    405    210      4      9 
 20260527    14:55:31       0      1     14      0      0      0      0    405    210      0      0 
 20260527    14:55:32       0      0     13      0      0      0      0    405    210      0      0 
 20260527    14:55:33       0      0     13      0      0      0      0    405    210      2      6 
 20260527    14:55:34       0      1     13      0      0      0      0    405    210      0      0 
 20260527    14:55:35       0      1     14      0      0      0      0    405    210      3      0 
 20260527    14:55:36       0      0     13      0      0      0      0    405    210      0      0 
 20260527    14:55:37       0      3     13      0      0      0      0    405    210      0      0 
 20260527    14:55:38       0      1     13      0      0      0      0    405    210      0      0 
 20260527    14:55:39       0      1     13      0      0      0      0    405    210      0      1 
 20260527    14:55:41       0      1     13      0      0      0      0    405    210      0      4 
 20260527    14:55:42       0      0      1      0      0      0      0  10251   2520      1      0 
 20260527    14:55:43       0      5      1      0      0      0      0  10251   2520      0     21 
 20260527    14:55:44       0      6      1      0      0      0      0  10251   2520      0     21 
 20260527    14:55:45       0      6      1      0      0      0      0  10251   2520      0     21 
 20260527    14:55:46       0      7      1      0      0      0      0  10251   2520      0     22 
 20260527    14:55:47       0      6      1      0      0      0      0  10251   2520      0     21 
 20260527    14:55:48       0      6      1      0      0      0      0  10251   2520     35      1 
 20260527    14:55:49       0     10      7      0      0      0      0    810    495     16     24 
 20260527    14:55:50       0     11     15      0      0      0      0    405    375      0     87 
 20260527    14:55:51       0     13     14      0      0      0      0    405    285     44      0 
 20260527    14:55:52       0     13     15      0      0      0      0    405    225      3      6 
 20260527    14:55:53       0     17     15      0      0      0      0    405    210    278      0 
 20260527    14:55:54       0     14     14      0      0      0      0    405    210      0     27 
 20260527    14:55:56       0     14     15      0      0      0      0    405    210    263      2 
 20260527    14:55:57       0     28     14      0      0      0      0    405    210    269      0 
 20260527    14:55:58       0     21     14      0      0      0      0    405    210    126     30 
 20260527    14:55:59       0     14     14      0      0      0      0    405    210      0      0 
 20260527    14:56:00       0     15     14      0      0      0      0    405    210    341      2 
 20260527    14:56:01       0     27     10      0      0      0      0    405    210      0     53 
 20260527    14:56:02       0     17     13      0      0      0      0    405    210    244      1 
 20260527    14:56:03       0     18     13      0      0      0      0    405    210    225      8 
 20260527    14:56:04       0     12     13      0      0      0      0    405    210    658      7 
 20260527    14:56:05       0     17     14      0      0      0      0    405    210    492      0 
 20260527    14:56:06       0     17     15      0      0      0      0    405    210      0     56 
#Date        Time         gpu     sm    mem    enc    dec    jpg    ofa   mclk   pclk  rxpci  txpci 
#YYYYMMDD    HH:MM:SS     Idx      %      %      %      %      %      %    MHz    MHz   MB/s   MB/s 
 20260527    14:56:07       0     14     13      0      0      0      0    405    210    304      0 
 20260527    14:56:08       0     15     14      0      0      0      0    405    210    112     31 
 20260527    14:56:09       0     23     14      0      0      0      0    405    210      8     17 
 20260527    14:56:10       0     21     14      0      0      0      0    405    210    303      0 
 20260527    14:56:12       0     21     14      0      0      0      0    405    210    112     34 
 20260527    14:56:13       0     27     14      0      0      0      0    405    210      0     52 
 20260527    14:56:14       0     21     14      0      0      0      0    405    210    126      0 
 20260527    14:56:15       0      1     14      0      0      0      0    405    210    390     18 
 20260527    14:56:16       0     13     14      0      0      0      0    405    210    578     24 
 20260527    14:56:17       0     14     14      0      0      0      0    405    210      0     55 
 20260527    14:56:18       0     26     14      0      0      0      0    405    210    243      8 
 20260527    14:56:19       0     14     14      0      0      0      0    405    210      0     10 
 20260527    14:56:20       0     13     15      0      0      0      0    405    210    234      0 
 20260527    14:56:21       0     20     14      0      0      0      0    405    210      1     56 
 20260527    14:56:22       0     28     14      0      0      0      0    405    210      0    108 
 20260527    14:56:23       0     26     14      0      0      0      0    405    210    307      0 
 20260527    14:56:24       0     14     13      0      0      0      0    405    210    153     23 
 20260527    14:56:25       0     15     14      0      0      0      0    405    210      6      0 
 20260527    14:56:27       0     19     14      0      0      0      0    405    210     44     49 
 20260527    14:56:28       0     13     13      0      0      0      0    405    210     27      0 
 20260527    14:56:29       0      0     13      0      0      0      0    405    210      0      0 
 20260527    14:56:30       0     16     13      0      0      0      0    405    210    301      1 
 20260527    14:56:31       0     27     13      0      0      0      0    405    210      0      0 
 20260527    14:56:32       0     26     14      0      0      0      0    405    210      0     30 
 20260527    14:56:33       0     14     13      0      0      0      0    405    210    284      0 
 20260527    14:56:34       0     17     14      0      0      0      0    405    210      0     54 
 20260527    14:56:35       0     17     15      0      0      0      0    405    210     46      0 
 20260527    14:56:36       0      0     14      0      0      0      0    405    210    127      0 
 20260527    14:56:37       0     16     15      0      0      0      0    405    210    304      4 
 20260527    14:56:38       0     14     14      0      0      0      0    405    210    251      4 
 20260527    14:56:39       0     14     15      0      0      0      0    405    210    115     34 
 20260527    14:56:40       0     14     15      0      0      0      0    405    210      0     25 
 20260527    14:56:42       0     28     15      0      0      0      0    405    210    279      1 
 20260527    14:56:43       0     13     14      0      0      0      0    405    210    262      5 
 20260527    14:56:44       0     13     14      0      0      0      0    405    210    161     26 
 20260527    14:56:45       0     19     14      0      0      0      0    405    210      0     55 
 20260527    14:56:46       0     22     14      0      0      0      0    405    210     52      0 
 20260527    14:56:47       0      0     13      0      0      0      0    405    210      0      0 
 20260527    14:56:48       0      0     13      0      0      0      0    405    210      0      1 
 20260527    14:56:49       0      0     13      0      0      0      0    405    210      1      2 
 20260527    14:56:50       0      1     13      0      0      0      0    405    210     11      0 
 20260527    14:56:51       0      1     14      0      0      0      0    405    210      0      0 
 20260527    14:56:52       0      1     14      0      0      0      0    405    210      0      0 
 20260527    14:56:53       0      3     14      0      0      0      0    405    210      0      0 
#Date        Time         gpu     sm    mem    enc    dec    jpg    ofa   mclk   pclk  rxpci  txpci 
#YYYYMMDD    HH:MM:SS     Idx      %      %      %      %      %      %    MHz    MHz   MB/s   MB/s 
 20260527    14:56:54       0      1     13      0      0      0      0    405    210      0      0 
 20260527    14:56:55       0      1     14      0      0      0      0    405    210      0      0 
 20260527    14:56:57       0      0     14      0      0      0      0    405    210      0      1 
 20260527    14:56:58       0      5     14      0      0      0      0    405    210      3      1 
 20260527    14:56:59       0      0     14      0      0      0      0    405    210      0      0 
 20260527    14:57:00       0      0     14      0      0      0      0    405    210    165     28 
 20260527    14:57:01       0      0      8      0      0      0      0    405    210      3      0 
 20260527    14:57:02       0      4      9      0      0      0      0    405    210      0      0 
 20260527    14:57:03       0      0     10      0      0      0      0    405    210      0      0 
 20260527    14:57:04       0      0     10      0      0      0      0    405    210      0      1 
 20260527    14:57:05       0      3     11      0      0      0      0    405    210     17      1 
 20260527    14:57:06       0      1     10      0      0      0      0    405    210      0      0 
 20260527    14:57:07       0      0     10      0      0      0      0    405    210      0      0 
 20260527    14:57:08       0      1     10      0      0      0      0    405    210      0      0 
 20260527    14:57:09       0      3     11      0      0      0      0    405    210     11      0 
 20260527    14:57:10       0      2     11      0      0      0      0    405    210      0      0 
 20260527    14:57:11       0      1     11      0      0      0      0    405    210      0      0 
 20260527    14:57:13       0      0     11      0      0      0      0    405    210      0      0 
 20260527    14:57:14       0      5     11      0      0      0      0    405    210      2      0 
 20260527    14:57:15       0      0     11      0      0      0      0    405    210      4      0 
 20260527    14:57:16       0      0     11      0      0      0      0    405    210      0      0 
 20260527    14:57:17       0      0     11      0      0      0      0    405    210      0      0 
 20260527    14:57:18       0      4     12      0      0      0      0    405    210      0      3 
 20260527    14:57:19       0      0     12      0      0      0      0    405    210      0      0 
 20260527    14:57:20       0      1     12      0      0      0      0    405    210      4      3 
 20260527    14:57:21       0      2     13      0      0      0      0    405    210      0      0 
 20260527    14:57:22       0      1     12      0      0      0      0    405    210      0      0 
 20260527    14:57:23       0      1     13      0      0      0      0    405    210      0      0 
 20260527    14:57:24       0      0     13      0      0      0      0    405    210      0      0 
 20260527    14:57:25       0      2     13      0      0      0      0    405    210      1      1 
 20260527    14:57:26       0      1     12      0      0      0      0    405    210      0      0 
 20260527    14:57:28       0      1     12      0      0      0      0    405    210      0      0 
 20260527    14:57:29       0      0     12      0      0      0      0    405    210      1      0 
 20260527    14:57:30       0      3     12      0      0      0      0    405    210      1      0 
 20260527    14:57:31       0      0     12      0      0      0      0    405    210      4     19 
 20260527    14:57:32       0      1     12      0      0      0      0    405    210      0      0 
 20260527    14:57:33       0      0     12      0      0      0      0    405    210      0      2 
 20260527    14:57:34       0      3     12      0      0      0      0    405    210      0      0 
 20260527    14:57:35       0      1     12      0      0      0      0    405    210      0      3 
 20260527    14:57:36       0      0     12      0      0      0      0    405    210      3      0 
 20260527    14:57:37       0      3     12      0      0      0      0    405    210      0      0 
 20260527    14:57:38       0      1     12      0      0      0      0    405    210      0      0 
 20260527    14:57:39       0      0     12      0      0      0      0    405    210      0      0 
 20260527    14:57:40       0      1     12      0      0      0      0    405    210     91      0 
#Date        Time         gpu     sm    mem    enc    dec    jpg    ofa   mclk   pclk  rxpci  txpci 
#YYYYMMDD    HH:MM:SS     Idx      %      %      %      %      %      %    MHz    MHz   MB/s   MB/s 
 20260527    14:57:41       0      3     13      0      0      0      0    405    210      1      0 
 20260527    14:57:43       0      1     12      0      0      0      0    405    210      0      1 
 20260527    14:57:44       0      0     13      0      0      0      0    405    210      0      1 
 20260527    14:57:45       0      0     13      0      0      0      0    405    210      0      0 
 20260527    14:57:46       0      3     13      0      0      0      0    405    210      1      1 
 20260527    14:57:47       0      0     13      0      0      0      0    405    210      0      0 
 20260527    14:57:48       0      0     13      0      0      0      0    405    210      0      0 
 20260527    14:57:49       0      0     13      0      0      0      0    405    210      8      0 
 20260527    14:57:50       0      2     13      0      0      0      0    405    210      0      1 
 20260527    14:57:51       0      0     12      0      0      0      0    405    210      0      3 
 20260527    14:57:52       0      1     12      0      0      0      0    405    210      0      0 
 20260527    14:57:53       0      3     12      0      0      0      0    405    210      1      2 
 20260527    14:57:54       0      1     12      0      0      0      0    405    210      0      0 
 20260527    14:57:55       0      0     12      0      0      0      0    405    210      0      0 
 20260527    14:57:56       0      1     12      0      0      0      0    405    210      0      1 
 20260527    14:57:58       0      2     12      0      0      0      0    405    210      1      0 
 20260527    14:57:59       0      0     12      0      0      0      0    405    210      0      0 
 20260527    14:58:00       0      0     12      0      0      0      0    405    210     14      2 
 20260527    14:58:01       0      0      0      0      0      0      0  10251   2520      3      0 
 20260527    14:58:02       0      0      0      0      0      0      0  10251   2520      0      4 
 20260527    14:58:03       0      0      0      0      0      0      0  10251   2520      0      0 
 20260527    14:58:04       0      0      0      0      0      0      0  10251   2520      0      0 
 20260527    14:58:05       0      0      5      0      0      0      0    810    345      1      0 
 20260527    14:58:06       0      3     11      0      0      0      0    405    225      0      1 
 20260527    14:58:07       0      1     11      0      0      0      0    405    210      0      0 
 20260527    14:58:08       0      1     11      0      0      0      0    405    210      0      0 
 20260527    14:58:09       0      2     11      0      0      0      0    405    210      1      0 
 20260527    14:58:10       0      1     11      0      0      0      0    405    210      3      0 
 20260527    14:58:11       0      0     11      0      0      0      0    405    210    301     17 
 20260527    14:58:13       0      1     11      0      0      0      0    405    210      0      0 
 20260527    14:58:14       0      2     10      0      0      0      0    405    210      2      0 
 20260527    14:58:15       0      1     11      0      0      0      0    405    210      0      0 
 20260527    14:58:16       0      0     11      0      0      0      0    405    210      0      0 
 20260527    14:58:17       0      0     11      0      0      0      0    405    210      0      1 
 20260527    14:58:18       0      3     11      0      0      0      0    405    210      0      0 
 20260527    14:58:19       0      0     11      0      0      0      0    405    210      0      0 
 20260527    14:58:20       0      0     11      0      0      0      0    405    210      0      3 
 20260527    14:58:21       0      2     11      0      0      0      0    405    210      9      0 
 20260527    14:58:22       0      1     11      0      0      0      0    405    210      0      4 
 20260527    14:58:23       0      1     11      0      0      0      0    405    210      0      0 
 20260527    14:58:24       0      1     11      0      0      0      0    405    210      0      0 
 20260527    14:58:25       0      2     11      0      0      0      0    405    210      1      0 
 20260527    14:58:26       0      1     11      0      0      0      0    405    210      0      0 
 20260527    14:58:28       0      1     12      0      0      0      0    405    210      3      4 
#Date        Time         gpu     sm    mem    enc    dec    jpg    ofa   mclk   pclk  rxpci  txpci 
#YYYYMMDD    HH:MM:SS     Idx      %      %      %      %      %      %    MHz    MHz   MB/s   MB/s 
 20260527    14:58:29       0      0     12      0      0      0      0    405    210      0      0 
 20260527    14:58:30       0      2     12      0      0      0      0    405    210      2      1 
 20260527    14:58:31       0      0     12      0      0      0      0    405    210      0      0 
 20260527    14:58:32       0      0     12      0      0      0      0    405    210      0      0 
 20260527    14:58:33       0      0     12      0      0      0      0    405    210      5     16 
 20260527    14:58:34       0      4     11      0      0      0      0    405    210      0      0 
 20260527    14:58:35       0      0     11      0      0      0      0    405    210      0      0 
 20260527    14:58:36       0      0     12      0      0      0      0    405    210      0      3 
 20260527    14:58:37       0      4     12      0      0      0      0    405    210      5      0 
 20260527    14:58:38       0      0     12      0      0      0      0    405    210      0      0 
 20260527    14:58:39       0      0     12      0      0      0      0    405    210      0      0 
 20260527    14:58:40       0      0     12      0      0      0      0    405    210      0      0 
 20260527    14:58:41       0      3     12      0      0      0      0    405    210      1      1 
 20260527    14:58:42       0      0     12      0      0      0      0    405    210    252      3 
 20260527    14:58:44       0      1     11      0      0      0      0    405    210      0      1 
 20260527    14:58:45       0      0     11      0      0      0      0    405    210      3      0 
 20260527    14:58:46       0      3     11      0      0      0      0    405    210      4      0 
 20260527    14:58:47       0      1     11      0      0      0      0    405    210      0      0 
 20260527    14:58:48       0      0     11      0      0      0      0    405    210      0      1 
 20260527    14:58:49       0      0     11      0      0      0      0    405    210      0      0 
 20260527    14:58:50       0      4     11      0      0      0      0    405    210      2      0 
 20260527    14:58:51       0      0     11      0      0      0      0    405    210      0      1 
 20260527    14:58:52       0      0     11      0      0      0      0    405    210      0      1 
 20260527    14:58:53       0      3     12      0      0      0      0    405    210      1      0 
 20260527    14:58:54       0      0     11      0      0      0      0    405    210      0      0 
 20260527    14:58:55       0      1     12      0      0      0      0    405    210      0      0 
 20260527    14:58:56       0      0     12      0      0      0      0    405    210      0      0 
 20260527    14:58:57       0      3     12      0      0      0      0    405    210      5      0 
 20260527    14:58:59       0      1     12      0      0      0      0    405    210      0      1 
 20260527    14:59:00       0      0     12      0      0      0      0    405    210      0     11 
 20260527    14:59:01       0      0      8      0      0      0      0    405    210      2      1 
 20260527    14:59:02       0      3      9      0      0      0      0    405    210      1      2 
 20260527    14:59:03       0      0     10      0      0      0      0    405    210      0      0 
 20260527    14:59:04       0      0     10      0      0      0      0    405    210      4     16 
 20260527    14:59:05       0      1     10      0      0      0      0    405    210      8      0 
 20260527    14:59:06       0      3      9      0      0      0      0    405    210      0      0 
 20260527    14:59:07       0      0      9      0      0      0      0    405    210     11      0 
 20260527    14:59:08       0      0      9      0      0      0      0    405    210      0      0 
 20260527    14:59:09       0      3     10      0      0      0      0    405    210      1      0 
 20260527    14:59:10       0      0      9      0      0      0      0    405    210      0      0 
 20260527    14:59:11       0      1     10      0      0      0      0    405    210      0      0 
 20260527    14:59:12       0      0      9      0      0      0      0    405    210      0      0 
 20260527    14:59:14       0      3     10      0      0      0      0    405    210      0      3 
 20260527    14:59:15       0      0     10      0      0      0      0    405    210      0      0 
#Date        Time         gpu     sm    mem    enc    dec    jpg    ofa   mclk   pclk  rxpci  txpci 
#YYYYMMDD    HH:MM:SS     Idx      %      %      %      %      %      %    MHz    MHz   MB/s   MB/s 
 20260527    14:59:16       0      0     10      0      0      0      0    405    210      0      0 
 20260527    14:59:17       0      1     10      0      0      0      0    405    210      0      0 
 20260527    14:59:18       0      4     10      0      0      0      0    405    210      0      0 
 20260527    14:59:19       0      0     10      0      0      0      0    405    210      0      2 
 20260527    14:59:20       0      1     10      0      0      0      0    405    210      1      0 
 20260527    14:59:21       0      0     10      0      0      0      0    405    210      1      2 
 20260527    14:59:22       0      0     11      0      0      0      0    405    210      0      0 
 20260527    14:59:23       0      1     11      0      0      0      0    405    210      0      0 
 20260527    14:59:24       0      0     11      0      0      0      0    405    210      4      0 
 20260527    14:59:25       0      3     11      0      0      0      0    405    210      0      3 
 20260527    14:59:26       0      1     11      0      0      0      0    405    210      0      0 
 20260527    14:59:27       0      1     11      0      0      0      0    405    210      0      0 
 20260527    14:59:29       0      0     11      0      0      0      0    405    210      0      1 
 20260527    14:59:30       0      3     11      0      0      0      0    405    210      0      0 
 20260527    14:59:31       0      0     11      0      0      0      0    405    210      0      0 
 20260527    14:59:32       0      0     11      0      0      0      0    405    210      0      0 
 20260527    14:59:33       0      0     11      0      0      0      0    405    210      0      0 
 20260527    14:59:34       0      2     11      0      0      0      0    405    210      0      0 
 20260527    14:59:35       0      0     11      0      0      0      0    405    210    242      6 
 20260527    14:59:36       0      0     11      0      0      0      0    405    210      0      5 
 20260527    14:59:37       0      3     11      0      0      0      0    405    210      1      0 
 20260527    14:59:38       0      1     11      0      0      0      0    405    210      0      0 
 20260527    14:59:39       0      1     12      0      0      0      0    405    210      0      0 
 20260527    14:59:40       0      0     12      0      0      0      0    405    210      0      1 
 20260527    14:59:41       0      4     12      0      0      0      0    405    210      5      0 
 20260527    14:59:42       0      0     12      0      0      0      0    405    210      0      0 
 20260527    14:59:44       0      1     12      0      0      0      0    405    210      0      1 
 20260527    14:59:45       0      0     12      0      0      0      0    405    210      0      0 
 20260527    14:59:46       0      3     12      0      0      0      0    405    210      2      1 
 20260527    14:59:47       0      0     12      0      0      0      0    405    210      0      0 
 20260527    14:59:48       0      0     12      0      0      0      0    405    210      0      0 
 20260527    14:59:49       0      0     12      0      0      0      0    405    210      0      2 
 20260527    14:59:50       0      3     11      0      0      0      0    405    210      0      0 
 20260527    14:59:51       0      0     11      0      0      0      0    405    210     13      1 
 20260527    14:59:52       0      0     11      0      0      0      0    405    210      0      0 
 20260527    14:59:53       0      4     12      0      0      0      0    405    210      0      3 
 20260527    14:59:54       0      0     11      0      0      0      0    405    210      0      0 
 20260527    14:59:55       0      0     11      0      0      0      0    405    210      4      0 
 20260527    14:59:56       0      1     12      0      0      0      0    405    210      0      9 
 20260527    14:59:58       0      4     12      0      0      0      0    405    210      0      0 
 20260527    14:59:59       0      0     12      0      0      0      0    405    210      0      0 
 20260527    15:00:00       0      0     12      0      0      0      0    405    210     19      4 
 20260527    15:00:01       0      0      4      0      0      0      0    405    210      0      0 
 20260527    15:00:02       0      5      7      0      0      0      0    405    210      0      0 
#Date        Time         gpu     sm    mem    enc    dec    jpg    ofa   mclk   pclk  rxpci  txpci 
#YYYYMMDD    HH:MM:SS     Idx      %      %      %      %      %      %    MHz    MHz   MB/s   MB/s 
 20260527    15:00:03       0      0      9      0      0      0      0    405    210      0      0 
 20260527    15:00:04       0      0      9      0      0      0      0    405    210      0      0 
 20260527    15:00:05       0      0     10      0      0      0      0    405    210      1      0 
 20260527    15:00:06       0      0     10      0      0      0      0    405    210      4     20 
 20260527    15:00:07       0      0     10      0      0      0      0    405    210      0      0 
 20260527    15:00:08       0      1     10      0      0      0      0    405    210      0      0 
 20260527    15:00:09       0      3     10      0      0      0      0    405    210      1      0 
 20260527    15:00:10       0      0     10      0      0      0      0    405    210      0      2 
 20260527    15:00:11       0      2     10      0      0      0      0    405    210      0      0 
 20260527    15:00:13       0      0     10      0      0      0      0    405    210      0      1 
 20260527    15:00:14       0      3     10      0      0      0      0    405    210      1      0 
 20260527    15:00:15       0      1     11      0      0      0      0    405    210      0      0 
 20260527    15:00:16       0      0     11      0      0      0      0    405    210      6      0 
 20260527    15:00:17       0      0     11      0      0      0      0    405    210      0      5 
 20260527    15:00:18       0      4     11      0      0      0      0    405    210      0      0 
 20260527    15:00:19       0      0     11      0      0      0      0    405    210      0      0 
 20260527    15:00:20       0      0     11      0      0      0      0    405    210      0      0 
 20260527    15:00:21       0      4     11      0      0      0      0    405    210     18      0 
 20260527    15:00:22       0      1     11      0      0      0      0    405    210      0      0 
 20260527    15:00:23       0      1     11      0      0      0      0    405    210      0      0 
 20260527    15:00:24       0      1     11      0      0      0      0    405    210      0      0 
 20260527    15:00:25       0      3     12      0      0      0      0    405    210      0      2 
 20260527    15:00:26       0      1     12      0      0      0      0    405    210      0      0 
 20260527    15:00:28       0      1     13      0      0      0      0    405    210     49     25 
 20260527    15:00:29       0      0     12      0      0      0      0    405    210      0      0 
 20260527    15:00:30       0      3     12      0      0      0      0    405    210      0      2 
 20260527    15:00:31       0      0     12      0      0      0      0    405    210      0      0 
 20260527    15:00:32       0      0     12      0      0      0      0    405    210      0      0 
 20260527    15:00:33       0      1     12      0      0      0      0    405    210      0      2 
 20260527    15:00:34       0      2     12      0      0      0      0    405    210      0      0 
 20260527    15:00:35       0      0     12      0      0      0      0    405    210      0      3 
 20260527    15:00:36       0      1     12      0      0      0      0    405    210      0      0 
 20260527    15:00:37       0      3     12      0      0      0      0    405    210    219      0 
 20260527    15:00:38       0      1     12      0      0      0      0    405    210      0      0 
 20260527    15:00:39       0      1     12      0      0      0      0    405    210      0      0 
 20260527    15:00:40       0      0     12      0      0      0      0    405    210      0      0 
 20260527    15:00:41       0      3     12      0      0      0      0    405    210      1      0 
 20260527    15:00:43       0      1     12      0      0      0      0    405    210      0      3 
 20260527    15:00:44       0      0     12      0      0      0      0    405    210      0      0 
 20260527    15:00:45       0      1     12      0      0      0      0    405    210      0      0 
 20260527    15:00:46       0      4     12      0      0      0      0    405    210      5      1 
 20260527    15:00:47       0      0     12      0      0      0      0    405    210    101      0 
 20260527    15:00:48       0      0     12      0      0      0      0    405    210      0      0 
 20260527    15:00:49       0      0     13      0      0      0      0    405    210      8      0 
#Date        Time         gpu     sm    mem    enc    dec    jpg    ofa   mclk   pclk  rxpci  txpci 
#YYYYMMDD    HH:MM:SS     Idx      %      %      %      %      %      %    MHz    MHz   MB/s   MB/s 
 20260527    15:00:50       0      4     13      0      0      0      0    405    210      0      0 
 20260527    15:00:51       0      0     13      0      0      0      0    405    210     11      0 
 20260527    15:00:52       0      0     13      0      0      0      0    405    210      4      0 
 20260527    15:00:53       0      3     13      0      0      0      0    405    210      1      0 
 20260527    15:00:54       0      1     13      0      0      0      0    405    210      0      0 
 20260527    15:00:55       0      1     13      0      0      0      0    405    210      0      0 
 20260527    15:00:56       0      0     13      0      0      0      0    405    210      3      0 
 20260527    15:00:58       0      5     13      0      0      0      0    405    210      1      3 
 20260527    15:00:59       0      1     12      0      0      0      0    405    210      0      0 
 20260527    15:01:00       0      0     12      0      0      0      0    405    210     14      2 
 20260527    15:01:01       0      0      0      0      0      0      0  10251   2520      1      1 
 20260527    15:01:02       0      0      0      0      0      0      0  10251   2520      1      0 
 20260527    15:01:03       0      0      0      0      0      0      0  10251   2520      0      3 
 20260527    15:01:04       0      0      0      0      0      0      0  10251   2520      0      0 
 20260527    15:01:05       0      0      4      0      0      0      0    810    360      2      0 
 20260527    15:01:06       0      3      8      0      0      0      0    405    240     11      0 
 20260527    15:01:07       0      0      8      0      0      0      0    405    210      0      0 
 20260527    15:01:08       0      1      9      0      0      0      0    405    210      4     23 
 20260527    15:01:09       0      3      9      0      0      0      0    405    210      0      0 
 20260527    15:01:10       0      1      9      0      0      0      0    405    210      0      0 
 20260527    15:01:11       0      1      9      0      0      0      0    405    210      0      0 
 20260527    15:01:13       0      0      9      0      0      0      0    405    210      0      0 
 20260527    15:01:14       0      3      9      0      0      0      0    405    210      1      0 
 20260527    15:01:15       0      0      9      0      0      0      0    405    210      0      0 
 20260527    15:01:16       0      1      9      0      0      0      0    405    210      0      2 
 20260527    15:01:17       0      0      9      0      0      0      0    405    210      0      0 
 20260527    15:01:18       0      2      9      0      0      0      0    405    210      4      0 
 20260527    15:01:19       0      0      9      0      0      0      0    405    210      0      3 
 20260527    15:01:20       0      1      9      0      0      0      0    405    210      0      0 
 20260527    15:01:21       0      0      9      0      0      0      0    405    210     22      0 
 20260527    15:01:22       0      2      9      0      0      0      0    405    210      0      0 
 20260527    15:01:23       0      1      9      0      0      0      0    405    210      0      0 
 20260527    15:01:24       0      0      9      0      0      0      0    405    210      3      0 
 20260527    15:01:25       0      3      9      0      0      0      0    405    210      1      0 
 20260527    15:01:26       0      1      9      0      0      0      0    405    210      0      0 
 20260527    15:01:27       0      1     10      0      0      0      0    405    210      0      0 
 20260527    15:01:29       0      0     10      0      0      0      0    405    210      0      1 
 20260527    15:01:30       0      4     10      0      0      0      0    405    210    272     21 
 20260527    15:01:31       0      0     11      0      0      0      0    405    210      0      0 
 20260527    15:01:32       0      0     11      0      0      0      0    405    210      0      0 
 20260527    15:01:33       0      0     11      0      0      0      0    405    210      0      0 
 20260527    15:01:34       0      3     12      0      0      0      0    405    210      0      1 
 20260527    15:01:35       0      0     12      0      0      0      0    405    210      0      1 
 20260527    15:01:36       0      0     12      0      0      0      0    405    210      0      5 
#Date        Time         gpu     sm    mem    enc    dec    jpg    ofa   mclk   pclk  rxpci  txpci 
#YYYYMMDD    HH:MM:SS     Idx      %      %      %      %      %      %    MHz    MHz   MB/s   MB/s 
 20260527    15:01:37       0      2     12      0      0      0      0    405    210      1      0 
 20260527    15:01:38       0      1     11      0      0      0      0    405    210      3      0 
 20260527    15:01:39       0      1     12      0      0      0      0    405    210      3      0 
 20260527    15:01:40       0      0     11      0      0      0      0    405    210      0      3 
 20260527    15:01:41       0      3     11      0      0      0      0    405    210      5      0 
 20260527    15:01:42       0      1     11      0      0      0      0    405    210      0      0 
 20260527    15:01:44       0      1     11      0      0      0      0    405    210      0      1 
 20260527    15:01:45       0      0     11      0      0      0      0    405    210      0      0 
 20260527    15:01:46       0      2     11      0      0      0      0    405    210      1      0 
 20260527    15:01:47       0      1     11      0      0      0      0    405    210      2      0 
 20260527    15:01:48       0      0     11      0      0      0      0    405    210      0      0 
 20260527    15:01:49       0      0     11      0      0      0      0    405    210      0      2 
 20260527    15:01:50       0      2     12      0      0      0      0    405    210      0      0 
 20260527    15:01:51       0      1     12      0      0      0      0    405    210      4     16 
 20260527    15:01:52       0      1     12      0      0      0      0    405    210      0      0 
 20260527    15:01:53       0      3     12      0      0      0      0    405    210      0      0 
 20260527    15:01:54       0      1     12      0      0      0      0    405    210      0      0 
 20260527    15:01:55       0      1     12      0      0      0      0    405    210      3      0 
 20260527    15:01:56       0      1     12      0      0      0      0    405    210      0      0 
 20260527    15:01:57       0      3     12      0      0      0      0    405    210      1      0 
 20260527    15:01:59       0      1     12      0      0      0      0    405    210      0      0 
 20260527    15:02:00       0      1     12      0      0      0      0    405    210      0      8 
 20260527    15:02:01       0      0      9      0      0      0      0    405    210    272     17 
 20260527    15:02:02       0      4     10      0      0      0      0    405    210      1      0 
 20260527    15:02:03       0      1     10      0      0      0      0    405    210      1      0 
 20260527    15:02:04       0      0     11      0      0      0      0    405    210      0      0 
 20260527    15:02:05       0      0     11      0      0      0      0    405    210      8      0 
 20260527    15:02:06       0      3     11      0      0      0      0    405    210      0      0 
 20260527    15:02:07       0      0     11      0      0      0      0    405    210     13      1 
 20260527    15:02:08       0      0     11      0      0      0      0    405    210      0      0 
 20260527    15:02:09       0      3     12      0      0      0      0    405    210      1      0 
 20260527    15:02:10       0      1     12      0      0      0      0    405    210    230     10 
 20260527    15:02:11       0      0     12      0      0      0      0    405    210      0      0 
 20260527    15:02:12       0      1     12      0      0      0      0    405    210      0      2 
 20260527    15:02:14       0      3     12      0      0      0      0    405    210      1      0 
 20260527    15:02:15       0      2     12      0      0      0      0    405    210      0      0 
 20260527    15:02:16       0      0     12      0      0      0      0    405    210      0      1 
 20260527    15:02:17       0      0     12      0      0      0      0    405    210      0      0 
 20260527    15:02:18       0      3     13      0      0      0      0    405    210      3      1 
 20260527    15:02:19       0      0     13      0      0      0      0    405    210      0      0 
 20260527    15:02:20       0      0     13      0      0      0      0    405    210      0      0 
 20260527    15:02:21       0      1     13      0      0      0      0    405    210      1      0 
 20260527    15:02:22       0      3     13      0      0      0      0    405    210      0      4 
 20260527    15:02:23       0      0     12      0      0      0      0    405    210      0      0 
#Date        Time         gpu     sm    mem    enc    dec    jpg    ofa   mclk   pclk  rxpci  txpci 
#YYYYMMDD    HH:MM:SS     Idx      %      %      %      %      %      %    MHz    MHz   MB/s   MB/s 
 20260527    15:02:24       0      1     12      0      0      0      0    405    210      0      0 
 20260527    15:02:25       0      3     12      0      0      0      0    405    210      4      0 
 20260527    15:02:26       0      1     12      0      0      0      0    405    210      0      1 
 20260527    15:02:27       0      0     12      0      0      0      0    405    210      0      0 
 20260527    15:02:28       0      1     12      0      0      0      0    405    210      0      0 
 20260527    15:02:30       0      3     13      0      0      0      0    405    210      0      0 
 20260527    15:02:31       0      1     13      0      0      0      0    405    210      0      8 
 20260527    15:02:32       0      0     13      0      0      0      0    405    210      0      0 
 20260527    15:02:33       0      0     12      0      0      0      0    405    210      0      0 
 20260527    15:02:34       0      3     12      0      0      0      0    405    210      1      0 
 20260527    15:02:35       0      0     12      0      0      0      0    405    210      0      0 
 20260527    15:02:36       0      0     12      0      0      0      0    405    210      0      1 
 20260527    15:02:37       0      0     12      0      0      0      0    405    210      1      0 
 20260527    15:02:38       0      3     12      0      0      0      0    405    210      0      0 
 20260527    15:02:39       0      0     12      0      0      0      0    405    210      0      0 
 20260527    15:02:40       0      0     12      0      0      0      0    405    210      2      0 
 20260527    15:02:41       0      2     12      0      0      0      0    405    210      1      4 
 20260527    15:02:42       0      1     12      0      0      0      0    405    210      0      0 
 20260527    15:02:43       0      0     12      0      0      0      0    405    210      0      0 
 20260527    15:02:45       0      0     12      0      0      0      0    405    210      0      0 
 20260527    15:02:46       0      4     13      0      0      0      0    405    210      1      0 
 20260527    15:02:47       0      0     13      0      0      0      0    405    210      0      0 
 20260527    15:02:48       0      0     13      0      0      0      0    405    210      0      0 
 20260527    15:02:49       0      0     13      0      0      0      0    405    210      6      0 
 20260527    15:02:50       0      3     13      0      0      0      0    405    210      0      0 
 20260527    15:02:51       0      0     13      0      0      0      0    405    210    202     23 
 20260527    15:02:52       0      0     13      0      0      0      0    405    210      0      0 
 20260527    15:02:53       0      0     13      0      0      0      0    405    210     16      0 
 20260527    15:02:54       0      1     13      0      0      0      0    405    210      0      0 
 20260527    15:02:55       0      0     12      0      0      0      0    405    210      0      0 
 20260527    15:02:56       0      0     12      0      0      0      0    405    210      0      0 
 20260527    15:02:57       0      4     13      0      0      0      0    405    210      1      1 
 20260527    15:02:58       0      0     12      0      0      0      0    405    210      0      0 
 20260527    15:03:00       0      0     12      0      0      0      0    405    210      0      0 
 20260527    15:03:01       0      0      8      0      0      0      0    405    210     61      0 
 20260527    15:03:02       0      3      9      0      0      0      0    405    210      1      0 
 20260527    15:03:03       0      0     10      0      0      0      0    405    210      0      0 
 20260527    15:03:04       0      1     10      0      0      0      0    405    210      0      0 
 20260527    15:03:05       0      0     10      0      0      0      0    405    210      0      5 
 20260527    15:03:06       0      4     10      0      0      0      0    405    210      3      0 
 20260527    15:03:07       0      0     10      0      0      0      0    405    210     13      1 
 20260527    15:03:08       0      0     10      0      0      0      0    405    210      0      0 
 20260527    15:03:09       0      4     11      0      0      0      0    405    210      1      0 
 20260527    15:03:10       0      0     11      0      0      0      0    405    210      2      0 
#Date        Time         gpu     sm    mem    enc    dec    jpg    ofa   mclk   pclk  rxpci  txpci 
#YYYYMMDD    HH:MM:SS     Idx      %      %      %      %      %      %    MHz    MHz   MB/s   MB/s 
 20260527    15:03:11       0      0     11      0      0      0      0    405    210      0      3 
 20260527    15:03:12       0      1     11      0      0      0      0    405    210      0      0 
 20260527    15:03:14       0      3     11      0      0      0      0    405    210      1      0 
 20260527    15:03:15       0      0     11      0      0      0      0    405    210      0      1 
 20260527    15:03:16       0      0     11      0      0      0      0    405    210      0      0 
 20260527    15:03:17       0      0     11      0      0      0      0    405    210      3      0 
 20260527    15:03:18       0      3     11      0      0      0      0    405    210      2      1 
 20260527    15:03:19       0      0     11      0      0      0      0    405    210      0      0 
 20260527    15:03:20       0      0     10      0      0      0      0    405    210      0      0 
 20260527    15:03:21       0      0     10      0      0      0      0    405    210      0      2 
 20260527    15:03:22       0      3     11      0      0      0      0    405    210    100     22 
 20260527    15:03:23       0      0     10      0      0      0      0    405    210      0      0 
 20260527    15:03:24       0      0     10      0      0      0      0    405    210      0      0 
 20260527    15:03:25       0      3     11      0      0      0      0    405    210      1      0 
 20260527    15:03:26       0      0     10      0      0      0      0    405    210      0      0 
 20260527    15:03:27       0      1     10      0      0      0      0    405    210      0      0 
 20260527    15:03:29       0      0     11      0      0      0      0    405    210      0      0 
 20260527    15:03:30       0      4     11      0      0      0      0    405    210      1      0 
 20260527    15:03:31       0      1     11      0      0      0      0    405    210      0      0 
 20260527    15:03:32       0      0     11      0      0      0      0    405    210      4      0 
 20260527    15:03:33       0      0     11      0      0      0      0    405    210      0      3 
 20260527    15:03:34       0      3     11      0      0      0      0    405    210      0      0 
 20260527    15:03:35       0      0     11      0      0      0      0    405    210      0      0 
 20260527    15:03:36       0      0     11      0      0      0      0    405    210     10      1 
 20260527    15:03:37       0      4     11      0      0      0      0    405    210      0      0 
 20260527    15:03:38       0      0     11      0      0      0      0    405    210      0      2 
 20260527    15:03:39       0      1     11      0      0      0      0    405    210      0      0 
 20260527    15:03:40       0      1     11      0      0      0      0    405    210      0      0 
 20260527    15:03:41       0      3     11      0      0      0      0    405    210      4      0 
 20260527    15:03:43       0      0     11      0      0      0      0    405    210      0      0 
 20260527    15:03:44       0      0     11      0      0      0      0    405    210    242     17 
 20260527    15:03:45       0      0     11      0      0      0      0    405    210      0      0 
 20260527    15:03:46       0      4     11      0      0      0      0    405    210      0      0 
 20260527    15:03:47       0      0     11      0      0      0      0    405    210      0      1 
 20260527    15:03:48       0      0     11      0      0      0      0    405    210      0      0 
 20260527    15:03:49       0      1     11      0      0      0      0    405    210      8      0 
 20260527    15:03:50       0      4     11      0      0      0      0    405    210      0      0 
 20260527    15:03:51       0      0     11      0      0      0      0    405    210     11      1 
 20260527    15:03:52       0      1     11      0      0      0      0    405    210      0      0 
 20260527    15:03:53       0      3     12      0      0      0      0    405    210     90      0 
 20260527    15:03:54       0      0     12      0      0      0      0    405    210      0      0 
 20260527    15:03:55       0      0     12      0      0      0      0    405    210      0      0 
 20260527    15:03:56       0      1     12      0      0      0      0    405    210      3      0 
 20260527    15:03:58       0      3     12      0      0      0      0    405    210      1      0 
#Date        Time         gpu     sm    mem    enc    dec    jpg    ofa   mclk   pclk  rxpci  txpci 
#YYYYMMDD    HH:MM:SS     Idx      %      %      %      %      %      %    MHz    MHz   MB/s   MB/s 
 20260527    15:03:59       0      0     12      0      0      0      0    405    210      4      0 
 20260527    15:04:00       0      0     11      0      0      0      0    405    210     13      2 
 20260527    15:04:01       0      0      8      0      0      0      0    405    210      0      0 
 20260527    15:04:02       0      3      9      0      0      0      0    405    210      1      1 
 20260527    15:04:03       0      0     10      0      0      0      0    405    210      1      0 
 20260527    15:04:04       0      0     10      0      0      0      0    405    210      0      5 
 20260527    15:04:05       0      1     10      0      0      0      0    405    210      0      0 
 20260527    15:04:06       0      3     10      0      0      0      0    405    210     11      1 
 20260527    15:04:07       0      0     10      0      0      0      0    405    210      0      0 
 20260527    15:04:08       0      0     10      0      0      0      0    405    210      0      0 
 20260527    15:04:09       0      3     11      0      0      0      0    405    210      4      0 
 20260527    15:04:10       0      1     11      0      0      0      0    405    210      0      0 
 20260527    15:04:11       0      0     11      0      0      0      0    405    210      0      0 
 20260527    15:04:13       0      1     11      0      0      0      0    405    210      0      0 
 20260527    15:04:14       0      4     11      0      0      0      0    405    210     10      3 
 20260527    15:04:15       0      0     11      0      0      0      0    405    210      0      0 
 20260527    15:04:16       0      0     11      0      0      0      0    405    210      0      0 
 20260527    15:04:17       0      1     12      0      0      0      0    405    210      0      0 
 20260527    15:04:18       0      4     11      0      0      0      0    405    210      1      0 
 20260527    15:04:19       0      0     12      0      0      0      0    405    210      0      0 
 20260527    15:04:20       0      0     12      0      0      0      0    405    210      0      0 
 20260527    15:04:21       0      0     12      0      0      0      0    405    210     11      3 
 20260527    15:04:22       0      0     12      0      0      0      0    405    210      0      0 
 20260527    15:04:23       0      0     11      0      0      0      0    405    210      0      0 
 20260527    15:04:24       0      0     11      0      0      0      0    405    210      9     27 
 20260527    15:04:25       0      4     12      0      0      0      0    405    210      0      0 
 20260527    15:04:26       0      0     11      0      0      0      0    405    210      0      0 
 20260527    15:04:28       0      0     11      0      0      0      0    405    210      0      0 
 20260527    15:04:29       0      1     12      0      0      0      0    405    210      0      1 
 20260527    15:04:30       0      2     11      0      0      0      0    405    210      1      0 
 20260527    15:04:31       0      0     11      0      0      0      0    405    210      0      0 
 20260527    15:04:32       0      0     11      0      0      0      0    405    210      3      0 
 20260527    15:04:33       0      0     11      0      0      0      0    405    210      1      0 
 20260527    15:04:34       0      3     11      0      0      0      0    405    210    203     20 
 20260527    15:04:35       0      1     11      0      0      0      0    405    210      0      0 
 20260527    15:04:36       0      0     11      0      0      0      0    405    210      0      5 
 20260527    15:04:37       0      3     12      0      0      0      0    405    210      5      0 
 20260527    15:04:38       0      1     12      0      0      0      0    405    210      0      0 
 20260527    15:04:39       0      1     12      0      0      0      0    405    210      0      0 
 20260527    15:04:40       0      0     12      0      0      0      0    405    210      0      0 
 20260527    15:04:41       0      3     12      0      0      0      0    405    210      0      2 
 20260527    15:04:42       0      0     12      0      0      0      0    405    210      0      0 
 20260527    15:04:44       0      0     12      0      0      0      0    405    210      0      0 
 20260527    15:04:45       0      1     12      0      0      0      0    405    210      0      0 
#Date        Time         gpu     sm    mem    enc    dec    jpg    ofa   mclk   pclk  rxpci  txpci 
#YYYYMMDD    HH:MM:SS     Idx      %      %      %      %      %      %    MHz    MHz   MB/s   MB/s 
 20260527    15:04:46       0      3     12      0      0      0      0    405    210      0      0 
 20260527    15:04:47       0      1     11      0      0      0      0    405    210      0      0 
 20260527    15:04:48       0      0     11      0      0      0      0    405    210      0      4 
 20260527    15:04:49       0      0     11      0      0      0      0    405    210      0      2 
 20260527    15:04:50       0      4     11      0      0      0      0    405    210      0      0 
 20260527    15:04:51       0      0     11      0      0      0      0    405    210      0      1 
 20260527    15:04:52       0      0     11      0      0      0      0    405    210      0      0 
 20260527    15:04:53       0      3     12      0      0      0      0    405    210      1      0 
 20260527    15:04:54       0      0     11      0      0      0      0    405    210      1      1 
 20260527    15:04:55       0      0     11      0      0      0      0    405    210      0      0 
 20260527    15:04:56       0      1     12      0      0      0      0    405    210      0      0 
 20260527    15:04:57       0      3     12      0      0      0      0    405    210      2      0 
 20260527    15:04:59       0      1     12      0      0      0      0    405    210      0      0 
 20260527    15:05:00       0      1     12      0      0      0      0    405    210     20      5 
 20260527    15:05:01       0      0      0      0      0      0      0  10251   2520      0      0 
 20260527    15:05:02       0      0      0      0      0      0      0  10251   2520      1      0 
 20260527    15:05:03       0      0      0      0      0      0      0  10251   2520      0      0 
 20260527    15:05:04       0      0      0      0      0      0      0  10251   2520      2      1 
 20260527    15:05:05       0      0      5      0      0      0      0    810    345     38     30 
 20260527    15:05:06       0      3     11      0      0      0      0    405    225      3      0 
 20260527    15:05:07       0      0     11      0      0      0      0    405    210     11      1 
 20260527    15:05:08       0      1     11      0      0      0      0    405    210      0      0 
 20260527    15:05:09       0      2     11      0      0      0      0    405    210      0      0 
 20260527    15:05:10       0      1     10      0      0      0      0    405    210      0      0 
 20260527    15:05:11       0      2     11      0      0      0      0    405    210      0      0 
 20260527    15:05:12       0      0     11      0      0      0      0    405    210      0      0 
 20260527    15:05:14       0      3     11      0      0      0      0    405    210      0      0 
 20260527    15:05:15       0      0     11      0      0      0      0    405    210     78      1 
 20260527    15:05:16       0      0     11      0      0      0      0    405    210      0      0 
 20260527    15:05:17       0      0     11      0      0      0      0    405    210      0      0 
 20260527    15:05:18       0      4     11      0      0      0      0    405    210      1      0 
 20260527    15:05:19       0      0     11      0      0      0      0    405    210      0      1 
 20260527    15:05:20       0      0     11      0      0      0      0    405    210      3      0 
 20260527    15:05:21       0      1     11      0      0      0      0    405    210      1      1 
 20260527    15:05:22       0      4     11      0      0      0      0    405    210     11      1 
 20260527    15:05:23       0      1     12      0      0      0      0    405    210      3      0 
 20260527    15:05:24       0      0     12      0      0      0      0    405    210      5      0 
 20260527    15:05:25       0      4     12      0      0      0      0    405    210      1      4 
 20260527    15:05:26       0      0     12      0      0      0      0    405    210      0      0 
 20260527    15:05:27       0      1     12      0      0      0      0    405    210      0      0 
 20260527    15:05:29       0      0     12      0      0      0      0    405    210      0      0 
 20260527    15:05:30       0      4     12      0      0      0      0    405    210      0      2 
 20260527    15:05:31       0      0     11      0      0      0      0    405    210      3      0 
 20260527    15:05:32       0      0     11      0      0      0      0    405    210      0      0 
#Date        Time         gpu     sm    mem    enc    dec    jpg    ofa   mclk   pclk  rxpci  txpci 
#YYYYMMDD    HH:MM:SS     Idx      %      %      %      %      %      %    MHz    MHz   MB/s   MB/s 
 20260527    15:05:33       0      0     11      0      0      0      0    405    210      0      0 
 20260527    15:05:34       0      4     11      0      0      0      0    405    210      0      2 
 20260527    15:05:35       0      0     11      0      0      0      0    405    210      4      0 
 20260527    15:05:36       0      1     12      0      0      0      0    405    210      0      3 
 20260527    15:05:37       0      0     11      0      0      0      0    405    210     13      3 
 20260527    15:05:38       0      1     12      0      0      0      0    405    210      0      0 
 20260527    15:05:39       0      1     12      0      0      0      0    405    210      0      0 
 20260527    15:05:40       0      0     12      0      0      0      0    405    210      3      0 
 20260527    15:05:41       0      5     12      0      0      0      0    405    210      0      0 
 20260527    15:05:42       0      1     12      0      0      0      0    405    210      0      0 
 20260527    15:05:44       0      1     12      0      0      0      0    405    210      0      0 
 20260527    15:05:45       0      0     12      0      0      0      0    405    210      0      1 
 20260527    15:05:46       0      3     12      0      0      0      0    405    210      0      0 
 20260527    15:05:47       0      0     12      0      0      0      0    405    210      0      0 
 20260527    15:05:48       0      0     12      0      0      0      0    405    210      0      0 
 20260527    15:05:49       0      0     12      0      0      0      0    405    210      0      1 
 20260527    15:05:50       0      3     12      0      0      0      0    405    210      4      0 
 20260527    15:05:51       0      1     12      0      0      0      0    405    210      0      0 
 20260527    15:05:52       0      0     12      0      0      0      0    405    210     11      0 
 20260527    15:05:53       0      3     12      0      0      0      0    405    210      5      0 
 20260527    15:05:54       0      1     12      0      0      0      0    405    210      0      0 
 20260527    15:05:55       0      1     12      0      0      0      0    405    210      0      0 
 20260527    15:05:56       0      0     12      0      0      0      0    405    210      4      1 
 20260527    15:05:57       0      3     12      0      0      0      0    405    210      7      0 
 20260527    15:05:59       0      1     12      0      0      0      0    405    210      0      0 
 20260527    15:06:00       0      1     12      0      0      0      0    405    210      0     14 
 20260527    15:06:01       0      0      0      0      0      0      0  10251   2520      0      0 
 20260527    15:06:02       0      0      0      0      0      0      0  10251   2520      0      0 
 20260527    15:06:03       0      0      0      0      0      0      0  10251   2520      0      0 
 20260527    15:06:04       0      0      5      0      0      0      0    810    360      0      1 
 20260527    15:06:05       0      0     11      0      0      0      0    405    225      8      0 
 20260527    15:06:06       0      4     12      0      0      0      0    405    210      0      0 
 20260527    15:06:07       0      0     11      0      0      0      0    405    210     13      1 
 20260527    15:06:08       0      1     12      0      0      0      0    405    210      0      0 
 20260527    15:06:09       0      3     12      0      0      0      0    405    210      1      0 
 20260527    15:06:10       0      2     11      0      0      0      0    405    210      0      0 
 20260527    15:06:11       0      1     12      0      0      0      0    405    210      0      0 
 20260527    15:06:12       0      0     11      0      0      0      0    405    210      0      0 
 20260527    15:06:14       0      4     11      0      0      0      0    405    210      5      0 
 20260527    15:06:15       0      1     11      0      0      0      0    405    210      0      3 
 20260527    15:06:16       0      0     11      0      0      0      0    405    210      0      0 
 20260527    15:06:17       0      0     11      0      0      0      0    405    210      0      0 
 20260527    15:06:18       0      3     11      0      0      0      0    405    210      4      2 
 20260527    15:06:19       0      0     11      0      0      0      0    405    210      0      0 
#Date        Time         gpu     sm    mem    enc    dec    jpg    ofa   mclk   pclk  rxpci  txpci 
#YYYYMMDD    HH:MM:SS     Idx      %      %      %      %      %      %    MHz    MHz   MB/s   MB/s 
 20260527    15:06:20       0      0     11      0      0      0      0    405    210      0      1 
 20260527    15:06:21       0      0     11      0      0      0      0    405    210      1      0 
 20260527    15:06:22       0      3     11      0      0      0      0    405    210      0      1 
 20260527    15:06:23       0      0     11      0      0      0      0    405    210      0      0 
 20260527    15:06:24       0      0     11      0      0      0      0    405    210      0      0 
 20260527    15:06:25       0      3     12      0      0      0      0    405    210      1      0 
 20260527    15:06:26       0      1     11      0      0      0      0    405    210      0      0 
 20260527    15:06:27       0      0     12      0      0      0      0    405    210      0      0 
 20260527    15:06:28       0      0     12      0      0      0      0    405    210      5      0 
 20260527    15:06:30       0      3     13      0      0      0      0    405    210      5      0 
 20260527    15:06:31       0      0     12      0      0      0      0    405    210      0      0 
 20260527    15:06:32       0      0     12      0      0      0      0    405    210      3      0 
 20260527    15:06:33       0      0     12      0      0      0      0    405    210      0      0 
 20260527    15:06:34       0      3     12      0      0      0      0    405    210      0      0 
 20260527    15:06:35       0      0     12      0      0      0      0    405    210      1      1 
 20260527    15:06:36       0      1     12      0      0      0      0    405    210      0      0 
 20260527    15:06:37       0      0     13      0      0      0      0    405    210      0      2 
 20260527    15:06:38       0      0      1      0      0      0      0  10251   2520      0      0 
 20260527    15:06:39       0      0      1      0      0      0      0  10251   2520      0      0 
 20260527    15:06:40       0      0      1      0      0      0      0  10251   2520      6      0 
 20260527    15:06:41       0      0      1      0      0      0      0  10251   2520      0      4 
 20260527    15:06:42       0      0      1      0      0      0      0  10251   2520      0      0 
 20260527    15:06:43       0      0      1      0      0      0      0  10251   2520      0      0 
 20260527    15:06:45       0      0      7      0      0      0      0    810    465      0      0 
 20260527    15:06:46       0      2      7      0      0      0      0    810    300      1      0 
 20260527    15:06:47       0      1     13      0      0      0      0    405    210      0      0 
 20260527    15:06:48       0      0     13      0      0      0      0    405    210      0      0 
 20260527    15:06:49       0      0     13      0      0      0      0    405    210      3      0 
 20260527    15:06:50       0      2     13      0      0      0      0    405    210      0      1 
 20260527    15:06:51       0      0     13      0      0      0      0    405    210      0      0 
 20260527    15:06:52       0      0     13      0      0      0      0    405    210      0      5 
 20260527    15:06:53       0      1     14      0      0      0      0    405    210      5      0 
 20260527    15:06:54       0      0     13      0      0      0      0    405    210      0      0 
 20260527    15:06:55       0      0     13      0      0      0      0    405    210      0      0 
 20260527    15:06:56       0      0     13      0      0      0      0    405    210      0      0 
 20260527    15:06:57       0      3     14      0      0      0      0    405    210      0      0 
 20260527    15:06:58       0      0     14      0      0      0      0    405    210      0      1 
 20260527    15:07:00       0      0     14      0      0      0      0    405    210      0      0 
 20260527    15:07:01       0      0      0      0      0      0      0  10251   2520      0      1 
 20260527    15:07:02       0      1      0      0      0      0      0  10251   2520      0      0 
 20260527    15:07:03       0      0      0      0      0      0      0  10251   2520      4      0 
 20260527    15:07:04       0      0      5      0      0      0      0    810    360      3     11 
 20260527    15:07:05       0      0     10      0      0      0      0    405    225      0      0 
 20260527    15:07:06       0      4     11      0      0      0      0    405    210      7      0 
#Date        Time         gpu     sm    mem    enc    dec    jpg    ofa   mclk   pclk  rxpci  txpci 
#YYYYMMDD    HH:MM:SS     Idx      %      %      %      %      %      %    MHz    MHz   MB/s   MB/s 
 20260527    15:07:07       0      0     10      0      0      0      0    405    210      0      0 
 20260527    15:07:08       0      0     10      0      0      0      0    405    210     13      0 
 20260527    15:07:09       0      0     10      0      0      0      0    405    210      2      0 
 20260527    15:07:10       0      1     10      0      0      0      0    405    210      0      0 
 20260527    15:07:11       0      0     10      0      0      0      0    405    210      0      0 
 20260527    15:07:12       0      0     11      0      0      0      0    405    210      0      0 
 20260527    15:07:13       0      3     11      0      0      0      0    405    210    240      4 
 20260527    15:07:15       0      1     11      0      0      0      0    405    210      0      0 
 20260527    15:07:16       0      0     11      0      0      0      0    405    210      0      0 
 20260527    15:07:17       0      0     11      0      0      0      0    405    210      0      0 
 20260527    15:07:18       0      4     11      0      0      0      0    405    210      0      0 
 20260527    15:07:19       0      0     11      0      0      0      0    405    210      0      1 
 20260527    15:07:20       0      0     11      0      0      0      0    405    210      0      0 
 20260527    15:07:21       0      0     11      0      0      0      0    405    210      7      3 
 20260527    15:07:22       0      3     12      0      0      0      0    405    210      0      0 
 20260527    15:07:23       0      0     12      0      0      0      0    405    210     13      5 
 20260527    15:07:24       0      0     12      0      0      0      0    405    210      0      3 
 20260527    15:07:25       0      3     12      0      0      0      0    405    210      0      0 
 20260527    15:07:26       0      0     12      0      0      0      0    405    210      0      0 
 20260527    15:07:27       0      1     12      0      0      0      0    405    210      0      0 
 20260527    15:07:28       0      0     12      0      0      0      0    405    210      0      0 
 20260527    15:07:30       0      3     12      0      0      0      0    405    210      1      0 
 20260527    15:07:31       0      0     12      0      0      0      0    405    210      0      0 
 20260527    15:07:32       0      0     11      0      0      0      0    405    210      0      0 
 20260527    15:07:33       0      0     11      0      0      0      0    405    210      0      0 
 20260527    15:07:34       0      3     11      0      0      0      0    405    210      0      0 
 20260527    15:07:35       0      0     11      0      0      0      0    405    210    212      1 
 20260527    15:07:36       0      1     12      0      0      0      0    405    210      2      0 
 20260527    15:07:37       0      0     11      0      0      0      0    405    210      1      2 
 20260527    15:07:38       0      2     12      0      0      0      0    405    210      0      0 
 20260527    15:07:39       0      1     12      0      0      0      0    405    210      0      0 
 20260527    15:07:40       0      0     12      0      0      0      0    405    210      3      1 
 20260527    15:07:41       0      3     12      0      0      0      0    405    210      0      0 
 20260527    15:07:42       0      0     12      0      0      0      0    405    210      0      0 
 20260527    15:07:43       0      0     12      0      0      0      0    405    210      0      0 
 20260527    15:07:45       0      0     12      0      0      0      0    405    210      0      0 
 20260527    15:07:46       0      4     13      0      0      0      0    405    210      4      3 
 20260527    15:07:47       0      0     13      0      0      0      0    405    210      0      0 
 20260527    15:07:48       0      0     13      0      0      0      0    405    210      0      0 
 20260527    15:07:49       0      1     13      0      0      0      0    405    210      0      0 
 20260527    15:07:50       0      3     12      0      0      0      0    405    210      0      0 
 20260527    15:07:51       0      0     12      0      0      0      0    405    210      0      1 
 20260527    15:07:52       0      0     12      0      0      0      0    405    210      0      0 
 20260527    15:07:53       0      0     12      0      0      0      0    405    210      4      2 
#Date        Time         gpu     sm    mem    enc    dec    jpg    ofa   mclk   pclk  rxpci  txpci 
#YYYYMMDD    HH:MM:SS     Idx      %      %      %      %      %      %    MHz    MHz   MB/s   MB/s 
 20260527    15:07:54       0      1     12      0      0      0      0    405    210      0      0 
 20260527    15:07:55       0      0     12      0      0      0      0    405    210      0      0 
 20260527    15:07:56       0      0     12      0      0      0      0    405    210    232     16 
 20260527    15:07:57       0      2     12      0      0      0      0    405    210      4      0 
 20260527    15:07:58       0      1     12      0      0      0      0    405    210      0      0 
 20260527    15:08:00       0      0     12      0      0      0      0    405    210      0      0 
 20260527    15:08:01       0      0      7      0      0      0      0    405    210      0      0 
 20260527    15:08:02       0      3      9      0      0      0      0    405    210      1      1 
 20260527    15:08:03       0      0     10      0      0      0      0    405    210      0      0 
 20260527    15:08:04       0      1     10      0      0      0      0    405    210      0      0 
 20260527    15:08:05       0      0     10      0      0      0      0    405    210      0      0 
 20260527    15:08:06       0      3     11      0      0      0      0    405    210      2      1 
 20260527    15:08:07       0      0     11      0      0      0      0    405    210      1      0 
 20260527    15:08:08       0      1     11      0      0      0      0    405    210      0      2 
 20260527    15:08:09       0      0     11      0      0      0      0    405    210      1      0 
 20260527    15:08:10       0      0     11      0      0      0      0    405    210      0      0 
 20260527    15:08:11       0      0     11      0      0      0      0    405    210      0      0 
 20260527    15:08:12       0      0     11      0      0      0      0    405    210      0      1 
 20260527    15:08:13       0      3     11      0      0      0      0    405    210      5      0 
 20260527    15:08:14       0      0     11      0      0      0      0    405    210      0      2 
 20260527    15:08:16       0      0     10      0      0      0      0    405    210      0      0 
 20260527    15:08:17       0      0     11      0      0      0      0    405    210      5      0 
 20260527    15:08:18       0      2     11      0      0      0      0    405    210      1      3 
 20260527    15:08:19       0      0     11      0      0      0      0    405    210      0      0 
 20260527    15:08:20       0      1     11      0      0      0      0    405    210      0      0 
 20260527    15:08:21       0      0     11      0      0      0      0    405    210      0      0 
 20260527    15:08:22       0      3     11      0      0      0      0    405    210      0      1 
 20260527    15:08:23       0      0     11      0      0      0      0    405    210      0      1 
 20260527    15:08:24       0      0     11      0      0      0      0    405    210      0      0 
 20260527    15:08:25       0      3     11      0      0      0      0    405    210      0      0 
 20260527    15:08:26       0      0     11      0      0      0      0    405    210      4      0 
 20260527    15:08:27       0      0     12      0      0      0      0    405    210      6     23 
 20260527    15:08:28       0      1     12      0      0      0      0    405    210      0      0 
 20260527    15:08:29       0      3     12      0      0      0      0    405    210      1      0 
 20260527    15:08:31       0      0     12      0      0      0      0    405    210      0      0 
 20260527    15:08:32       0      1     12      0      0      0      0    405    210      3      1 
 20260527    15:08:33       0      0     12      0      0      0      0    405    210      0      0 
 20260527    15:08:34       0      2     12      0      0      0      0    405    210      0      0 
 20260527    15:08:35       0      0     12      0      0      0      0    405    210      0      0 
 20260527    15:08:36       0      0     11      0      0      0      0    405    210      0      0 
 20260527    15:08:37       0      0     11      0      0      0      0    405    210     28      0 
 20260527    15:08:38       0      4     11      0      0      0      0    405    210      2      0 
 20260527    15:08:39       0      0     11      0      0      0      0    405    210     12      0 
 20260527    15:08:40       0      0     11      0      0      0      0    405    210      0      0 
#Date        Time         gpu     sm    mem    enc    dec    jpg    ofa   mclk   pclk  rxpci  txpci 
#YYYYMMDD    HH:MM:SS     Idx      %      %      %      %      %      %    MHz    MHz   MB/s   MB/s 
 20260527    15:08:41       0      4     12      0      0      0      0    405    210      1      0 
 20260527    15:08:42       0      0     11      0      0      0      0    405    210      0      0 
 20260527    15:08:43       0      1     11      0      0      0      0    405    210      0      1 
 20260527    15:08:44       0      0     11      0      0      0      0    405    210      0      0 
 20260527    15:08:46       0      3     11      0      0      0      0    405    210      1      0 
 20260527    15:08:47       0      0     11      0      0      0      0    405    210      0      0 
 20260527    15:08:48       0      1     11      0      0      0      0    405    210      5      0 
 20260527    15:08:49       0      0     12      0      0      0      0    405    210      7     11 
 20260527    15:08:50       0      3     12      0      0      0      0    405    210      1      0 
 20260527    15:08:51       0      1     12      0      0      0      0    405    210      0      0 
 20260527    15:08:52       0      0     12      0      0      0      0    405    210      0      0 
 20260527    15:08:53       0      0     12      0      0      0      0    405    210      0      3 
 20260527    15:08:54       0      4     12      0      0      0      0    405    210     11      0 
 20260527    15:08:55       0      0     12      0      0      0      0    405    210      0      0 
 20260527    15:08:56       0      1     12      0      0      0      0    405    210      0      0 
 20260527    15:08:57       0      2     12      0      0      0      0    405    210      1      0 
 20260527    15:08:58       0      0     11      0      0      0      0    405    210      0      1 
 20260527    15:08:59       0      0     11      0      0      0      0    405    210      0      0 
 20260527    15:09:00       0      0      0      0      0      0      0  10251   2520      0      0 
 20260527    15:09:02       0      0      0      0      0      0      0  10251   2520      0      0 
 20260527    15:09:03       0      0      0      0      0      0      0  10251   2520      8      0 
 20260527    15:09:04       0      0      5      0      0      0      0    810    360      0      0 
 20260527    15:09:05       0      0     10      0      0      0      0    405    225      3      0 
 20260527    15:09:06       0      4     10      0      0      0      0    405    210      3      0 
 20260527    15:09:07       0      0     10      0      0      0      0    405    210      0      0 
 20260527    15:09:08       0      0     10      0      0      0      0    405    210      0      1 
 20260527    15:09:09       0      0     10      0      0      0      0    405    210      1      3 
 20260527    15:09:10       0      5     10      0      0      0      0    405    210      5     20 
 20260527    15:09:11       0      0     11      0      0      0      0    405    210      0      0 
 20260527    15:09:12       0      0     11      0      0      0      0    405    210      0      0 
 20260527    15:09:13       0      3     11      0      0      0      0    405    210      1      0 
 20260527    15:09:14       0      0     11      0      0      0      0    405    210      0      0 
 20260527    15:09:15       0      1     11      0      0      0      0    405    210      0      0 
 20260527    15:09:17       0      0     11      0      0      0      0    405    210      0      0 
 20260527    15:09:18       0      3     11      0      0      0      0    405    210      1      2 
 20260527    15:09:19       0      0     11      0      0      0      0    405    210      0      0 
 20260527    15:09:20       0      0     11      0      0      0      0    405    210    213      4 
 20260527    15:09:21       0      0     11      0      0      0      0    405    210      0      0 
 20260527    15:09:22       0      4     11      0      0      0      0    405    210      0      0 
 20260527    15:09:23       0      0     11      0      0      0      0    405    210      0      2 
 20260527    15:09:24       0      0     11      0      0      0      0    405    210      2      0 
 20260527    15:09:25       0      0     11      0      0      0      0    405    210      5      2 
 20260527    15:09:26       0      0     11      0      0      0      0    405    210      0      0 
 20260527    15:09:27       0      1     11      0      0      0      0    405    210      0      0 
#Date        Time         gpu     sm    mem    enc    dec    jpg    ofa   mclk   pclk  rxpci  txpci 
#YYYYMMDD    HH:MM:SS     Idx      %      %      %      %      %      %    MHz    MHz   MB/s   MB/s 
 20260527    15:09:28       0      1     11      0      0      0      0    405    210      0      0 
 20260527    15:09:29       0      3     11      0      0      0      0    405    210      0      2 
 20260527    15:09:30       0      0     11      0      0      0      0    405    210      0      0 
 20260527    15:09:32       0      0     11      0      0      0      0    405    210      0      0 
 20260527    15:09:33       0      0     11      0      0      0      0    405    210      0      1 
 20260527    15:09:34       0      3     11      0      0      0      0    405    210      0      0 
 20260527    15:09:35       0      0     11      0      0      0      0    405    210      4      0 
 20260527    15:09:36       0      0     12      0      0      0      0    405    210      0      0 
 20260527    15:09:37       0      0     12      0      0      0      0    405    210      0      0 
 20260527    15:09:38       0      4     11      0      0      0      0    405    210      2      0 
 20260527    15:09:39       0      0     11      0      0      0      0    405    210      0      2 
 20260527    15:09:40       0      1     12      0      0      0      0    405    210     15      3 
 20260527    15:09:41       0      2     12      0      0      0      0    405    210      0      2 
 20260527    15:09:42       0      0     11      0      0      0      0    405    210      0      0 
 20260527    15:09:43       0      1     11      0      0      0      0    405    210      0      0 
 20260527    15:09:44       0      1     11      0      0      0      0    405    210      0      0 
 20260527    15:09:45       0      2     11      0      0      0      0    405    210      2      0 
 20260527    15:09:47       0      0     11      0      0      0      0    405    210      0      0 
 20260527    15:09:48       0      0     11      0      0      0      0    405    210      0      1 
 20260527    15:09:49       0      1     11      0      0      0      0    405    210      0      0 
 20260527    15:09:50       0      3     11      0      0      0      0    405    210      0      0 
 20260527    15:09:51       0      0     11      0      0      0      0    405    210    243      3 
 20260527    15:09:52       0      0     11      0      0      0      0    405    210      0      0 
 20260527    15:09:53       0      1     11      0      0      0      0    405    210      0      0 
 20260527    15:09:54       0      4     11      0      0      0      0    405    210      1      0 
 20260527    15:09:55       0      0     11      0      0      0      0    405    210      0      1 
 20260527    15:09:56       0      0     12      0      0      0      0    405    210      4      2 
 20260527    15:09:57       0      3     12      0      0      0      0    405    210      1      0 
 20260527    15:09:58       0      1     12      0      0      0      0    405    210      0      0 
 20260527    15:09:59       0      1     12      0      0      0      0    405    210      0      0 
 20260527    15:10:00       0      0      8      0      0      0      0    405    210      0      0 
 20260527    15:10:02       0      4     10      0      0      0      0    405    210      5      1 
 20260527    15:10:03       0      0     10      0      0      0      0    405    210      0      1 
 20260527    15:10:04       0      0     10      0      0      0      0    405    210      0      0 
 20260527    15:10:05       0      1     10      0      0      0      0    405    210      0      0 
 20260527    15:10:06       0      4     10      0      0      0      0    405    210      0      0 
 20260527    15:10:07       0      0     10      0      0      0      0    405    210      0      0 
 20260527    15:10:08       0      0     10      0      0      0      0    405    210      0      0 
 20260527    15:10:09       0      0     10      0      0      0      0    405    210      3      2 
 20260527    15:10:10       0      3     10      0      0      0      0    405    210      0      1 
 20260527    15:10:11       0      0     10      0      0      0      0    405    210      0      0 
 20260527    15:10:12       0      0     10      0      0      0      0    405    210      4     14 
 20260527    15:10:13       0      3     11      0      0      0      0    405    210      4      0 
 20260527    15:10:14       0      0     11      0      0      0      0    405    210      0      0 
#Date        Time         gpu     sm    mem    enc    dec    jpg    ofa   mclk   pclk  rxpci  txpci 
#YYYYMMDD    HH:MM:SS     Idx      %      %      %      %      %      %    MHz    MHz   MB/s   MB/s 
 20260527    15:10:15       0      1     11      0      0      0      0    405    210      0      0 
 20260527    15:10:17       0      1     11      0      0      0      0    405    210      0      0 
 20260527    15:10:18       0      3     12      0      0      0      0    405    210      0      2 
 20260527    15:10:19       0      0     11      0      0      0      0    405    210      0      0 
 20260527    15:10:20       0      0     12      0      0      0      0    405    210      0      0 
 20260527    15:10:21       0      0     12      0      0      0      0    405    210      0      0 
 20260527    15:10:22       0      3     12      0      0      0      0    405    210    280     21 
 20260527    15:10:23       0      1     12      0      0      0      0    405    210      0      0 
 20260527    15:10:24       0      0     11      0      0      0      0    405    210     14      0 
 20260527    15:10:25       0      0     11      0      0      0      0    405    210      1      0 
 20260527    15:10:26       0      1     11      0      0      0      0    405    210      0      0 
 20260527    15:10:27       0      0     12      0      0      0      0    405    210      0      0 
 20260527    15:10:28       0      0     12      0      0      0      0    405    210      0      0 
 20260527    15:10:29       0      3     12      0      0      0      0    405    210      5      0 
 20260527    15:10:31       0      0     12      0      0      0      0    405    210      3      0 
 20260527    15:10:32       0      0     12      0      0      0      0    405    210      0      1 
 20260527    15:10:33       0      1     12      0      0      0      0    405    210      0      0 
 20260527    15:10:34       0      3     11      0      0      0      0    405    210      0      0 
 20260527    15:10:35       0      0     11      0      0      0      0    405    210      0      0 
 20260527    15:10:36       0      0     11      0      0      0      0    405    210      0      0 
 20260527    15:10:37       0      0     11      0      0      0      0    405    210      8      0 
 20260527    15:10:38       0      2     11      0      0      0      0    405    210      0      1 
 20260527    15:10:39       0      0     11      0      0      0      0    405    210     16      0 
 20260527    15:10:40       0      0     11      0      0      0      0    405    210      0      0 
 20260527    15:10:41       0      2     11      0      0      0      0    405    210      6      0 
 20260527    15:10:42       0      0     11      0      0      0      0    405    210      4      1 
 20260527    15:10:43       0      0     11      0      0      0      0    405    210      0      0 
 20260527    15:10:44       0      1     11      0      0      0      0    405    210      0      0 
 20260527    15:10:46       0      3     11      0      0      0      0    405    210      0      0 
 20260527    15:10:47       0      0     11      0      0      0      0    405    210      0      0 
 20260527    15:10:48       0      1     11      0      0      0      0    405    210      0      2 
 20260527    15:10:49       0      0     12      0      0      0      0    405    210      0      0 
 20260527    15:10:50       0      3     12      0      0      0      0    405    210      0      0 
 20260527    15:10:51       0      0     12      0      0      0      0    405    210      0      0 
 20260527    15:10:52       0      0     12      0      0      0      0    405    210      0      0 
 20260527    15:10:53       0      0     12      0      0      0      0    405    210    193     23 
 20260527    15:10:54       0      4     12      0      0      0      0    405    210     12      0 
 20260527    15:10:55       0      0     12      0      0      0      0    405    210      0      0 
 20260527    15:10:56       0      1     12      0      0      0      0    405    210      0      0 
 20260527    15:10:57       0      2     11      0      0      0      0    405    210      0      0 
 20260527    15:10:58       0      0     11      0      0      0      0    405    210      0      0 
 20260527    15:10:59       0      1     11      0      0      0      0    405    210      0      0 
 20260527    15:11:00       0      0      0      0      0      0      0  10251   2520      0      0 
 20260527    15:11:02       0      0      0      0      0      0      0  10251   2520      0      0 
#Date        Time         gpu     sm    mem    enc    dec    jpg    ofa   mclk   pclk  rxpci  txpci 
#YYYYMMDD    HH:MM:SS     Idx      %      %      %      %      %      %    MHz    MHz   MB/s   MB/s 
 20260527    15:11:03       0      0      0      0      0      0      0  10251   2520     10      0 
 20260527    15:11:04       0      0      5      0      0      0      0    810    345      0      3 
 20260527    15:11:05       0      0     10      0      0      0      0    405    210      0      2 
 20260527    15:11:06       0      3     10      0      0      0      0    405    210      0      0 
 20260527    15:11:07       0      0     10      0      0      0      0    405    210      0      0 
 20260527    15:11:08       0      0     10      0      0      0      0    405    210      0      0 
 20260527    15:11:09       0      1     10      0      0      0      0    405    210      3      3 
 20260527    15:11:10       0      3     10      0      0      0      0    405    210      1      1 
 20260527    15:11:11       0      0     11      0      0      0      0    405    210      0      0 
 20260527    15:11:12       0      0     11      0      0      0      0    405    210      0      0 
 20260527    15:11:13       0      3     11      0      0      0      0    405    210      0      0 
 20260527    15:11:14       0      0     11      0      0      0      0    405    210      4     19 
 20260527    15:11:15       0      1     11      0      0      0      0    405    210      0      0 
 20260527    15:11:17       0      0     11      0      0      0      0    405    210      0      0 
 20260527    15:11:18       0      3     11      0      0      0      0    405    210      1      2 
 20260527    15:11:19       0      1     11      0      0      0      0    405    210      0      0 
 20260527    15:11:20       0      0     11      0      0      0      0    405    210      0      0 
 20260527    15:11:21       0      0     10      0      0      0      0    405    210      0      0 
 20260527    15:11:22       0      3     10      0      0      0      0    405    210      0      0 
 20260527    15:11:23       0      0     10      0      0      0      0    405    210      3      0 
 20260527    15:11:24       0      0     10      0      0      0      0    405    210    223      0 
 20260527    15:11:25       0      1     10      0      0      0      0    405    210     19      2 
 20260527    15:11:26       0      2     11      0      0      0      0    405    210      0      0 
 20260527    15:11:27       0      0     11      0      0      0      0    405    210      0      0 
 20260527    15:11:28       0      1     11      0      0      0      0    405    210      0      0 
 20260527    15:11:29       0      3     11      0      0      0      0    405    210      3      0 
 20260527    15:11:30       0      0     11      0      0      0      0    405    210      0      0 
 20260527    15:11:31       0      0     11      0      0      0      0    405    210      0      0 
 20260527    15:11:33       0      0     11      0      0      0      0    405    210      0      0 
 20260527    15:11:34       0      3     12      0      0      0      0    405    210      1      0 
 20260527    15:11:35       0      0     12      0      0      0      0    405    210      4      0 
 20260527    15:11:36       0      0     12      0      0      0      0    405    210      0      4 
 20260527    15:11:37       0      0     12      0      0      0      0    405    210      0      0 
 20260527    15:11:38       0      4     12      0      0      0      0    405    210      0      0 
 20260527    15:11:39       0      0     12      0      0      0      0    405    210      0      2 
 20260527    15:11:40       0      0     12      0      0      0      0    405    210      0      5 
 20260527    15:11:41       0      0     11      0      0      0      0    405    210      1      2 
 20260527    15:11:42       0      0     11      0      0      0      0    405    210      0      0 
 20260527    15:11:43       0      1     12      0      0      0      0    405    210      0      0 
 20260527    15:11:44       0      0     11      0      0      0      0    405    210      0      0 
 20260527    15:11:45       0      3     12      0      0      0      0    405    210      0      3 
 20260527    15:11:46       0      0     11      0      0      0      0    405    210      0      0 
 20260527    15:11:48       0      1     11      0      0      0      0    405    210      0      0 
 20260527    15:11:49       0      0     11      0      0      0      0    405    210      0      1 
#Date        Time         gpu     sm    mem    enc    dec    jpg    ofa   mclk   pclk  rxpci  txpci 
#YYYYMMDD    HH:MM:SS     Idx      %      %      %      %      %      %    MHz    MHz   MB/s   MB/s 
 20260527    15:11:50       0      3     11      0      0      0      0    405    210      0      0 
 20260527    15:11:51       0      0     11      0      0      0      0    405    210      0      0 
 20260527    15:11:52       0      0     11      0      0      0      0    405    210      3      0 
 20260527    15:11:53       0      1     12      0      0      0      0    405    210      0      2 
 20260527    15:11:54       0      3     12      0      0      0      0    405    210      0      0 
 20260527    15:11:55       0      0     13      0      0      0      0    405    210      0      2 
 20260527    15:11:56       0      0     13      0      0      0      0    405    210      1      2 
 20260527    15:11:57       0     27      3      2    100      0      0  10251   2670   5558   6809 
 20260527    15:11:58       0     32      5     63     77      0      0  10251   2670   5632   6436 
 20260527    15:11:59       0     42      7     91     90      0      0  10251   2670   6488   8270 
 20260527    15:12:00       0     34      6     65     87      0      0  10251   2670   6654   5934 
 20260527    15:12:01       0     34      5     72     74      0      0  10251   2670   5801   7493 
 20260527    15:12:03       0     37      6     76     75      0      0  10251   2670   8083   9164 
 20260527    15:12:04       0     35      5     67     74      0      0  10251   2670   4200   4980 
 20260527    15:12:05       0     30      4     51     38      0      0  10251   2670   3368   3117 
 20260527    15:12:06       0     48      6     73    100      0      0  10251   2670   5302   3257 
 20260527    15:12:07       0     21      4     51    100      0      0  10251   2670   3728   3445 
 20260527    15:12:08       0     44      6     78    100      0      0  10251   2670   5784   4051 
 20260527    15:12:09       0     36      6     81     76      0      0  10251   2670   5564   6106 
 20260527    15:12:10       0     33      5     64     80      0      0  10251   2670   4846   6012 
 20260527    15:12:11       0     33      5     74     69      0      0  10251   2670   5033   8642 
 20260527    15:12:12       0     43      6     79    100      0      0  10251   2670   6192   5992 
 20260527    15:12:13       0     36      5     51     73      0      0  10251   2670   2726   4081 
 20260527    15:12:14       0     25      4     59     72      0      0  10251   2670   3693   4059 
 20260527    15:12:15       0     29      5     66     71      0      0  10251   2670   4757   5043 
 20260527    15:12:16       0     32      5     81     73      0      0  10251   2670   6166   6980 
 20260527    15:12:18       0     40      6     82     88      0      0  10251   2670   6136   5860 
 20260527    15:12:19       0     39      6     84     81      0      0  10251   2670   3688   3688 
 20260527    15:12:20       0     22      3     50     56      0      0  10251   2670   5381   4870 
 20260527    15:12:21       0     22      4     50    100      0      0  10251   2670   5289   9927 
 20260527    15:12:22       0     44      7     90     88      0      0  10251   2670   7406   7895 
 20260527    15:12:23       0     44      6     78    100      0      0  10251   2670   4395   4616 
 20260527    15:12:24       0     26      4     65     59      0      0  10251   2670   4412   3482 
 20260527    15:12:25       0     24      4     65     57      0      0  10251   2670   5268   6027 
 20260527    15:12:26       0     40      5     50     94      0      0  10251   2670   3727   5267 
 20260527    15:12:27       0     29      5     58     63      0      0  10251   2670   5265   6381 
 20260527    15:12:28       0     33      5     72     80      0      0  10251   2670   5274   5560 
 20260527    15:12:29       0     36      5     69     83      0      0  10251   2670   4222   4393 
 20260527    15:12:30       0     30      5     86     79      0      0  10251   2670   4766   4452 
 20260527    15:12:31       0     27      3     51     50      0      0  10251   2670   4025   6165 
 20260527    15:12:33       0     28      4     62     63      0      0  10251   2670   6975   6070 
 20260527    15:12:34       0     37      6     69     75      0      0  10251   2670   4511   4277 
 20260527    15:12:35       0     26      4     37    100      0      0  10251   2670   3721   8695 
 20260527    15:12:36       0     38      6     96     83      0      0  10251   2670   7959   6597 
#Date        Time         gpu     sm    mem    enc    dec    jpg    ofa   mclk   pclk  rxpci  txpci 
#YYYYMMDD    HH:MM:SS     Idx      %      %      %      %      %      %    MHz    MHz   MB/s   MB/s 
 20260527    15:12:37       0     30      5     86     66      0      0  10251   2670   4192   4067 
 20260527    15:12:38       0     27      4     68     61      0      0  10251   2670   3544   3496 
 20260527    15:12:39       0     34      5     74     71      0      0  10251   2670   4427   5403 
 20260527    15:12:40       0     34      5     65     78      0      0  10251   2670   7860   8560 
 20260527    15:12:41       0     36      5     53     68      0      0  10251   2670   3645   2933 
 20260527    15:12:42       0     33      5     67     80      0      0  10251   2670   5804   7078 
 20260527    15:12:43       0     37      6     78     88      0      0  10251   2670   3692   5438 
 20260527    15:12:44       0     35      6     81     87      0      0  10251   2670   5679   5796 
 20260527    15:12:45       0     29      5     72     67      0      0  10251   2670   3714   4064 
 20260527    15:12:46       0     31      5     74     74      0      0  10251   2670   4775   5794 
 20260527    15:12:48       0     34      5     71     80      0      0  10251   2670   6350   6383 
 20260527    15:12:49       0     28      4     63     71      0      0  10251   2670   5996   4611 
 20260527    15:12:50       0     24      4     63     59      0      0  10251   2670   4189   4661 
 20260527    15:12:51       0     27      5     71     61      0      0  10251   2670   4768   5263 
 20260527    15:12:52       0     46      5     49     64      0      0  10251   2670   5568   5607 
 20260527    15:12:53       0     35      4     39     81      0      0  10251   2670   3734   3968 
 20260527    15:12:54       0     23      4     51    100      0      0  10251   2670   4386   5561 
 20260527    15:12:55       0     33      5     66     76      0      0  10251   2670   5793   7863 
 20260527    15:12:56       0     15      3     57     32      0      0  10251   2670    319     53 
 20260527    15:12:57       0     27      4     35    100      0      0  10251   2670   8401   8765 
 20260527    15:12:58       0     41      6     80     92      0      0  10251   2670   6301   4709 
 20260527    15:12:59       0     27      4     60     66      0      0  10251   2670   4410   4633 
 20260527    15:13:00       0     28      5     71     61      0      0  10251   2670   5093   6793 
 20260527    15:13:02       0     28      5     82     61      0      0  10251   2670   4059   3046 
 20260527    15:13:03       0     27      5     68     63      0      0  10251   2670   4751   5412 
 20260527    15:13:04       0     31      5     58     67      0      0  10251   2670   4747   5402 
 20260527    15:13:05       0     35      5     49     61      0      0  10251   2670   3461   4059 
 20260527    15:13:06       0     30      4     50     58      0      0  10251   2670   3426   3043 
 20260527    15:13:07       0     22      4     62     62      0      0  10251   2670   4412   4838 
 20260527    15:13:08       0     31      5     69     81      0      0  10251   2670   5066   6961 
 20260527    15:13:09       0     30      5     66     78      0      0  10251   2670   4750   8080 
 20260527    15:13:10       0     39      6     83     99      0      0  10251   2670   3518   3920 
 20260527    15:13:11       0     26      4     51    100      0      0  10251   2670   3754   6336 
 20260527    15:13:12       0     39      6     80     86      0      0  10251   2670   7683   5889 
 20260527    15:13:13       0     32      5     63     73      0      0  10251   2670   5431   5733 
 20260527    15:13:14       0     31      5     64     71      0      0  10251   2670   6657   7350 
 20260527    15:13:16       0     42      7     71    100      0      0  10251   2670   7368   4899 
 20260527    15:13:17       0     26      4     50     58      0      0  10251   2670   3750   3878 
 20260527    15:13:18       0     44      7     83     99      0      0  10251   2670   7008   8207 
 20260527    15:13:19       0     45      7     97     95      0      0  10251   2670   8089   7930 
 20260527    15:13:20       0     34      6     76     80      0      0  10251   2670   6365   8604 
 20260527    15:13:21       0     21      3     51     45      0      0  10251   2670   4925   4746 
 20260527    15:13:22       0     27      4     51     68      0      0  10251   2670   3703   3725 
 20260527    15:13:23       0     23      3     51     61      0      0  10251   2670   3729   4029 
#Date        Time         gpu     sm    mem    enc    dec    jpg    ofa   mclk   pclk  rxpci  txpci 
#YYYYMMDD    HH:MM:SS     Idx      %      %      %      %      %      %    MHz    MHz   MB/s   MB/s 
 20260527    15:13:24       0     22      3     51     68      0      0  10251   2670   3459   4026 
 20260527    15:13:25       0     17      3     51     45      0      0  10251   2670   3181   3648 
 20260527    15:13:26       0     34      4     51     73      0      0  10251   2670   5590   6197 
 20260527    15:13:27       0     23      3     51     59      0      0  10251   2670   2649   2910 
 20260527    15:13:28       0     30      4     51     67      0      0  10251   2670   3149   4409 
 20260527    15:13:29       0     34      4     52     74      0      0  10251   2670   4761   4626 
 20260527    15:13:31       0     25      3     51     79      0      0  10251   2670   4488   4567 
 20260527    15:13:32       0     27      4     51     94      0      0  10251   2670   3784   3493 
 20260527    15:13:33       0     22      3     51     56      0      0  10251   2670   4269   5225 
 20260527    15:13:34       0     34      4     51     73      0      0  10251   2670   5759   6201 
 20260527    15:13:35       0     34      4     52     78      0      0  10251   2670   5742   6187 
 20260527    15:13:36       0     34      4     52     79      0      0  10251   2670      4      5 
 20260527    15:13:37       0      0      1      0      0      0      0  10251   2670      9      0 
 20260527    15:13:38       0      0      1      0      0      0      0  10251   2670      0      0 
 20260527    15:13:39       0      0      1      0      0      0      0    810    780     14      0 
 20260527    15:13:40       0      0      7      0      0      0      0    810    495      6      1 
 20260527    15:13:41       0      3     14      0      0      0      0    405    270      0      0 
 20260527    15:13:42       0      0     13      0      0      0      0    405    210      0      0 
 20260527    15:13:43       0      0     13      0      0      0      0    405    210      0      0 
 20260527    15:13:44       0      0     14      0      0      0      0    405    210      5      0 
 20260527    15:13:46       0      4     15      0      0      0      0    405    210      1      0 
 20260527    15:13:47       0      0     14      0      0      0      0    405    210      0      0 
 20260527    15:13:48       0      0     14      0      0      0      0    405    210      0      0 
 20260527    15:13:49       0      1     14      0      0      0      0    405    210      0      0 
 20260527    15:13:50       0     17      2      0     35      0      0  10251   2520    136     17 
 20260527    15:13:51       0     34      4     50     70      0      0  10251   2670   4483   5306 
 20260527    15:13:52       0     31      4     51     65      0      0  10251   2670   3551   4564 
 20260527    15:13:53       0     24      3     51     47      0      0  10251   2670   3540   4845 
 20260527    15:13:54       0     37      4     48     66      0      0  10251   2670   5602   6063 
 20260527    15:13:55       0     31      4     38     53      0      0  10251   2670   4128   5181 
 20260527    15:13:56       0     31      4     51     54      0      0  10251   2670   4680   5606 
 20260527    15:13:57       0     33      4     48     56      0      0  10251   2670   5269   6036 
 20260527    15:13:58       0     31      4     44     77      0      0  10251   2670   4787   5347 
 20260527    15:13:59       0     28      4     51     65      0      0  10251   2670   3604   4766 
 20260527    15:14:01       0     34      4     51     69      0      0  10251   2670   5363   4933 
 20260527    15:14:02       0     27      3     51     47      0      0  10251   2670   4301   5411 
 20260527    15:14:03       0     33      4     42     58      0      0  10251   2670   5215   5849 
 20260527    15:14:04       0     32      4     39     57      0      0  10251   2670   4498   5245 
 20260527    15:14:05       0     22      3     28     39      0      0  10251   2670      0      0 
 20260527    15:14:06       0     12      1     29      0      0      0  10251   2670   4624    441 
 20260527    15:14:07       0     11      1     31      0      0      0  10251   2610   4392    510 
 20260527    15:14:08       0     11      1     31      0      0      0  10251   2550   4855    454 
 20260527    15:14:09       0      9      1     25      0      0      0  10251   2520   3254    365 
 20260527    15:14:10       0     10      1     27      0      0      0  10251   2520   4143    411 
#Date        Time         gpu     sm    mem    enc    dec    jpg    ofa   mclk   pclk  rxpci  txpci 
#YYYYMMDD    HH:MM:SS     Idx      %      %      %      %      %      %    MHz    MHz   MB/s   MB/s 
 20260527    15:14:11       0     10      1     26      0      0      0  10251   2520   3237    545 
 20260527    15:14:12       0      9      1     29      0      0      0  10251   2040      0      0 
 20260527    15:14:13       0      0      7      0      0      0      0    810    720      0      0 
 20260527    15:14:14       0      1      7      0      0      0      0    810    465      3     21 
 20260527    15:14:16       0      1      2      0    100      0      0  10251   2670   5252   6207 
 20260527    15:14:17       0     31      4     38     55      0      0  10251   2670   5259   7008 
 20260527    15:14:18       0     34      4     49     65      0      0  10251   2670   3370   4885 
 20260527    15:14:19       0     27      3     51     56      0      0  10251   2670   4110   5415 
 20260527    15:14:20       0     29      3     51     51      0      0  10251   2670   5270   4053 
 20260527    15:14:21       0     25      3     51     42      0      0  10251   2670   4310   4553 
 20260527    15:14:22       0     30      4     50     52      0      0  10251   2670   4327   5421 
 20260527    15:14:23       0     34      4     49     66      0      0  10251   2670   4487   5627 
 20260527    15:14:24       0     27      3     51     51      0      0  10251   2670   4664   5648 
 20260527    15:14:25       0     29      4     51     58      0      0  10251   2670   4455   4544 
 20260527    15:14:26       0     18      1      0      0      0      0  10251   2670   2081    329 
 20260527    15:14:27       0      7      1     18      0      0      0  10251   2670   2774    293 
 20260527    15:14:28       0      7      1     20      0      0      0  10251   2520   2774    311 
 20260527    15:14:29       0      6      1     14      0      0      0  10251   2520   1850    313 
 20260527    15:14:31       0      5      1     15      0      0      0  10251   2520   1618    278 
 20260527    15:14:32       0      5      1     14      0      0      0  10251   2520   1851    322 
 20260527    15:14:33       0      6      1     16      0      0      0  10251   2520   2543    203 
 20260527    15:14:34       0     21     10     20      0      0      0    810    690   2544    222 
 20260527    15:14:35       0      0      7      0      0      0      0    810    495      0      0 
 20260527    15:14:36       0      0     13      0      0      0      0    405    315      0      0 
 20260527    15:14:37       0      8      1      0      0      0      0  10251   2520    125     16 
 20260527    15:14:38       0     28      4     51     58      0      0  10251   2670   4344   5162 
 20260527    15:14:39       0     25      3     51     53      0      0  10251   2670   4540   4870 
 20260527    15:14:40       0     27      4     51     48      0      0  10251   2670   3867   4699 
 20260527    15:14:41       0     26      3     51     44      0      0  10251   2670   4615   5141 
 20260527    15:14:42       0      0      1      0      0      0      0  10251   2670      0      0 
 20260527    15:14:43       0      0      1      0      0      0      0  10251   2670      0      0 
 20260527    15:14:44       0      0      7      0      0      0      0    810    900    203     59 
 20260527    15:14:46       0     35      4     49     63      0      0  10251   2520   4706   4920 
 20260527    15:14:47       0     26      3     51     53      0      0  10251   2670   4211   5510 
 20260527    15:14:48       0     30      4     51     50      0      0  10251   2670   4963   6312 
 20260527    15:14:49       0     28      4     51     52      0      0  10251   2670   3506   4923 
 20260527    15:14:50       0     26      3     51     45      0      0  10251   2670   4096   4554 
 20260527    15:14:51       0     26      3     51     44      0      0  10251   2670   3501   4053 
 20260527    15:14:52       0      0      1     17      0      0      0  10251   2670    167    999 
 20260527    15:14:53       0     11      1     31      0      0      0  10251   2670   5322    390 
 20260527    15:14:54       0     12      1     31      0      0      0  10251   2520   4392    493 
 20260527    15:14:55       0      0      1      0      0      0      0  10251   2520      1      0 
 20260527    15:14:56       0      0      1      0      0      0      0  10251   2520    267     31 
 20260527    15:14:57       0      0      1      0      0      0      0  10251   2520     60     40 
#Date        Time         gpu     sm    mem    enc    dec    jpg    ofa   mclk   pclk  rxpci  txpci 
#YYYYMMDD    HH:MM:SS     Idx      %      %      %      %      %      %    MHz    MHz   MB/s   MB/s 
 20260527    15:14:58       0     34      4     43     58      0      0  10251   2670   5300   6008 
 20260527    15:15:00       0     24      3     51     46      0      0  10251   2670   5245   5604 
 20260527    15:15:01       0     25      3     50     43      0      0  10251   2670   4701   3906 
 20260527    15:15:02       0     29      4     51     56      0      0  10251   2670   4099   5179 
 20260527    15:15:03       0     31      4     47     52      0      0  10251   2670   5197   6914 
 20260527    15:15:04       0      1      1     29      0      0      0  10251   2670      0      0 
 20260527    15:15:05       0     11      1     30      0      0      0  10251   2670   4161    519 
 20260527    15:15:06       0     12      1     31      0      0      0  10251   2520   5110    458 
 20260527    15:15:07       0      0      1      0      0      0      0  10251   2520      0      3 
 20260527    15:15:08       0      0      1      0      0      0      0  10251   2520     11      6 
 20260527    15:15:09       0      0      1      0      0      0      0  10251   2520      2      0 
 20260527    15:15:10       0      0      1      0      0      0      0  10251   2520      0      0 
 20260527    15:15:11       0      0      7      0      0      0      0    810    465      0      0 
 20260527    15:15:12       0      0      7      0      0      0      0    810    300      0      0 
 20260527    15:15:13       0      2     13      0      0      0      0    405    210      4      0 
 20260527    15:15:15       0      1     13      0      0      0      0    405    210      0      0 
 20260527    15:15:16       0      0     13      0      0      0      0    405    210      0      0 
 20260527    15:15:17       0      0     13      0      0      0      0    405    210      0      1 
 20260527    15:15:18       0      2     13      0      0      0      0    405    210      0      2 
 20260527    15:15:19       0      0     13      0      0      0      0    405    210      0      0 
 20260527    15:15:20       0      0     13      0