#Date        Time         gpu     sm    mem    enc    dec    jpg    ofa   mclk   pclk  rxpci  txpci 
#YYYYMMDD    HH:MM:SS     Idx      %      %      %      %      %      %    MHz    MHz   MB/s   MB/s 
 20260527    14:04:18       0      0     14      0      0      0      0    405    210      0      0 
 20260527    14:04:19       0      3     15      0      0      0      0    405    210      2      0 
 20260527    14:04:20       0      0     14      0      0      0      0    405    210      1      0 
 20260527    14:04:21       0      0     14      0      0      0      0    405    210      0      0 
 20260527    14:04:22       0      1     14      0      0      0      0    405    210      0      0 
 20260527    14:04:23       0      3     14      0      0      0      0    405    210      1      0 
 20260527    14:04:24       0      0     13      0      0      0      0    405    210     11      0 
 20260527    14:04:25       0      0     13      0      0      0      0    405    210     79      0 
 20260527    14:04:26       0      0     13      0      0      0      0    405    210      1      1 
 20260527    14:04:27       0      1     13      0      0      0      0    405    210      0      0 
 20260527    14:04:28       0      1     14      0      0      0      0    405    210      0      0 
 20260527    14:04:29       0      0     13      0      0      0      0    405    210      0      0 
 20260527    14:04:30       0      2     14      0      0      0      0    405    210      5      0 
 20260527    14:04:32       0      2     14      0      0      0      0    405    210      0      2 
 20260527    14:04:33       0      1     14      0      0      0      0    405    210      0      0 
 20260527    14:04:34       0      0     13      0      0      0      0    405    210      0      0 
 20260527    14:04:35       0      2     14      0      0      0      0    405    210      1      3 
 20260527    14:04:36       0      0     14      0      0      0      0    405    210      0      3 
 20260527    14:04:37       0      0     14      0      0      0      0    405    210      0      0 
 20260527    14:04:38       0      1     14      0      0      0      0    405    210      0      0 
 20260527    14:04:39       0      3     14      0      0      0      0    405    210      0      1 
 20260527    14:04:40       0      0     14      0      0      0      0    405    210      0      0 
 20260527    14:04:41       0      0     14      0      0      0      0    405    210      4      1 
 20260527    14:04:42       0      2     14      0      0      0      0    405    210      1      0 
 20260527    14:04:43       0      1     14      0      0      0      0    405    210      0      0 
 20260527    14:04:44       0      0     14      0      0      0      0    405    210      0      0 
 20260527    14:04:45       0      0     13      0      0      0      0    405    210      0      0 
 20260527    14:04:47       0      2     13      0      0      0      0    405    210     85     24 
 20260527    14:04:48       0      1     13      0      0      0      0    405    210      0      0 
 20260527    14:04:49       0      0     13      0      0      0      0    405    210      0      1 
 20260527    14:04:50       0      1     13      0      0      0      0    405    210      3      0 
 20260527    14:04:51       0      2     13      0      0      0      0    405    210      3      0 
 20260527    14:04:52       0      4      1      0     74      0      0  10251   2520    123    308 
 20260527    14:04:53       0      2      1      0    100      0      0  10251   2670    113    306 
 20260527    14:04:54       0      2      2      0    100      0      0  10251   2670     84    309 
 20260527    14:04:55       0      3      2      0    100      0      0  10251   2670    133    311 
 20260527    14:04:56       0      2      1      0    100      0      0  10251   2670    202    192 
 20260527    14:04:57       0      2      1      1    100      0      0  10251   2670    192    219 
 20260527    14:04:58       0      2      1      0    100      0      0  10251   2670    197    210 
 20260527    14:04:59       0      2      1      0    100      0      0  10251   2670    205    233 
 20260527    14:05:00       0      2      1      0    100      0      0  10251   2670    188    233 
 20260527    14:05:02       0      2      1      1    100      0      0  10251   2670    214    213 
 20260527    14:05:03       0      2      1      0    100      0      0  10251   2670    202    212 
 20260527    14:05:04       0      2      1      1    100      0      0  10251   2670     73    310 
#Date        Time         gpu     sm    mem    enc    dec    jpg    ofa   mclk   pclk  rxpci  txpci 
#YYYYMMDD    HH:MM:SS     Idx      %      %      %      %      %      %    MHz    MHz   MB/s   MB/s 
 20260527    14:05:05       0      2      2      0    100      0      0  10251   2670    176    214 
 20260527    14:05:06       0      2      1      0    100      0      0  10251   2670    224    172 
 20260527    14:05:07       0      3      1      1    100      0      0  10251   2670    214    195 
 20260527    14:05:08       0      2      1      0    100      0      0  10251   2670    180    231 
 20260527    14:05:09       0      2      1      1    100      0      0  10251   2670    187    216 
 20260527    14:05:10       0      2      1      0    100      0      0  10251   2670    211    200 
 20260527    14:05:11       0      2      1      1    100      0      0  10251   2670    231    195 
 20260527    14:05:12       0      2      1      0    100      0      0  10251   2670    206    213 
 20260527    14:05:13       0      2      1      0    100      0      0  10251   2670    174    214 
 20260527    14:05:14       0      2      1      0    100      0      0  10251   2670    170    253 
 20260527    14:05:15       0      2      1      0    100      0      0  10251   2670    181    215 
 20260527    14:05:17       0      2      1      1    100      0      0  10251   2670    184    213 
 20260527    14:05:18       0      2      2      0    100      0      0  10251   2670    180    215 
 20260527    14:05:19       0      2      1      0    100      0      0  10251   2670    178    214 
 20260527    14:05:20       0      2      1      0    100      0      0  10251   2670    186    194 
 20260527    14:05:21       0      2      1      0    100      0      0  10251   2670    199    193 
 20260527    14:05:22       0      2      1      1    100      0      0  10251   2670    331    212 
 20260527    14:05:23       0      2      1      0    100      0      0  10251   2670    191    216 
 20260527    14:05:24       0      2      1      0    100      0      0  10251   2670    203    215 
 20260527    14:05:25       0      2      1      1    100      0      0  10251   2670    202    192 
 20260527    14:05:26       0      1      1      0    100      0      0  10251   2670    180    233 
 20260527    14:05:27       0      2      1      0    100      0      0  10251   2670    168    233 
 20260527    14:05:28       0      2      2      1    100      0      0  10251   2670    111    240 
 20260527    14:05:29       0      2      1      0    100      0      0  10251   2670    172    235 
 20260527    14:05:30       0      2      1      0    100      0      0  10251   2670    215    193 
 20260527    14:05:32       0      2      1      0    100      0      0  10251   2670    217    196 
 20260527    14:05:33       0      2      1      0    100      0      0  10251   2670    176    214 
 20260527    14:05:34       0      2      1      0    100      0      0  10251   2670    190    213 
 20260527    14:05:35       0      2      1      1    100      0      0  10251   2670    203    203 
 20260527    14:05:36       0      2      1      0    100      0      0  10251   2670    216    243 
 20260527    14:05:37       0      2      1      1    100      0      0  10251   2670    183    214 
 20260527    14:05:38       0      2      1      0    100      0      0  10251   2670    210    213 
 20260527    14:05:39       0      2      1      0    100      0      0  10251   2670    198    213 
 20260527    14:05:40       0      2      1      0    100      0      0  10251   2670    206    233 
 20260527    14:05:41       0      2      1      0    100      0      0  10251   2670    197    192 
 20260527    14:05:42       0      2      1      0    100      0      0  10251   2670    194    240 
 20260527    14:05:43       0      2      1      1    100      0      0  10251   2670    191    212 
 20260527    14:05:44       0      2      1      0    100      0      0  10251   2670    207    212 
 20260527    14:05:46       0      2      1      1    100      0      0  10251   2670    184    212 
 20260527    14:05:47       0      2      1      0    100      0      0  10251   2670    183    215 
 20260527    14:05:48       0      2      1      0    100      0      0  10251   2670    547    215 
 20260527    14:05:49       0      2      1      0    100      0      0  10251   2670    186    224 
 20260527    14:05:50       0      2      1      1    100      0      0  10251   2670    213    194 
 20260527    14:05:51       0      3      1      0    100      0      0  10251   2670    179    212 
#Date        Time         gpu     sm    mem    enc    dec    jpg    ofa   mclk   pclk  rxpci  txpci 
#YYYYMMDD    HH:MM:SS     Idx      %      %      %      %      %      %    MHz    MHz   MB/s   MB/s 
 20260527    14:05:52       0      2      1      0    100      0      0  10251   2670    218    192 
 20260527    14:05:53       0      2      1      0    100      0      0  10251   2670    196    214 
 20260527    14:05:54       0      2      1      0    100      0      0  10251   2670    201    233 
 20260527    14:05:55       0      3      1      0    100      0      0  10251   2670    188    217 
 20260527    14:05:56       0      2      1      0    100      0      0  10251   2670    190    212 
 20260527    14:05:57       0      2      1      1    100      0      0  10251   2670    177    236 
 20260527    14:05:58       0      2      1      0    100      0      0  10251   2670    218    214 
 20260527    14:05:59       0      2      1      0    100      0      0  10251   2670    183    213 
 20260527    14:06:01       0      2      1      0    100      0      0  10251   2670    180    234 
 20260527    14:06:02       0      2      1      0    100      0      0  10251   2670    198    267 
 20260527    14:06:03       0      2      1      0    100      0      0  10251   2670    201    213 
 20260527    14:06:04       0      2      1      0    100      0      0  10251   2670    195    214 
 20260527    14:06:05       0      3      2      0    100      0      0  10251   2670    204    233 
 20260527    14:06:06       0      2      1      0    100      0      0  10251   2670    184    214 
 20260527    14:06:07       0      2      1      1    100      0      0  10251   2670    201    212 
 20260527    14:06:08       0      2      1      0    100      0      0  10251   2670    195    212 
 20260527    14:06:09       0      1      1      1    100      0      0  10251   2670    166    234 
 20260527    14:06:10       0      2      1      0    100      0      0  10251   2670    200    232 
 20260527    14:06:11       0      2      1      1    100      0      0  10251   2670    204    212 
 20260527    14:06:12       0      1      1      0    100      0      0  10251   2670    190    232 
 20260527    14:06:13       0      2      1      0    100      0      0  10251   2670    201    212 
 20260527    14:06:15       0      2      1      0    100      0      0  10251   2670    183    236 
 20260527    14:06:16       0      2      1      0    100      0      0  10251   2670    210    212 
 20260527    14:06:17       0      2      1      0    100      0      0  10251   2670    178    212 
 20260527    14:06:18       0      2      2      0    100      0      0  10251   2670     92    332 
 20260527    14:06:19       0      3      2      1    100      0      0  10251   2670    126    285 
 20260527    14:06:20       0      2      1      0    100      0      0  10251   2670    142    290 
 20260527    14:06:21       0      3      2      1    100      0      0  10251   2670    182    252 
 20260527    14:06:22       0      2      1      1    100      0      0  10251   2670    169    234 
 20260527    14:06:23       0      3      1      0    100      0      0  10251   2670    133    313 
 20260527    14:06:24       0      2      1      1    100      0      0  10251   2670    122    311 
 20260527    14:06:25       0      2      1      0    100      0      0  10251   2670    120    310 
 20260527    14:06:26       0      2      1      0    100      0      0  10251   2670    193    232 
 20260527    14:06:27       0      2      1      0    100      0      0  10251   2670    561    226 
 20260527    14:06:28       0      2      1      0    100      0      0  10251   2670    154    254 
 20260527    14:06:30       0      2      1      0    100      0      0  10251   2670    154    313 
 20260527    14:06:31       0      2      1      0    100      0      0  10251   2670    180    232 
 20260527    14:06:32       0      2      1      1    100      0      0  10251   2670    183    233 
 20260527    14:06:33       0      2      1      0    100      0      0  10251   2670    180    252 
 20260527    14:06:34       0      2      1      1    100      0      0  10251   2670    175    256 
 20260527    14:06:35       0      3      1      0    100      0      0  10251   2670    195    212 
 20260527    14:06:36       0      2      1      0    100      0      0  10251   2670    162    253 
 20260527    14:06:37       0      2      1      1    100      0      0  10251   2670    175    242 
 20260527    14:06:38       0      2      1      0    100      0      0  10251   2670    142    293 
#Date        Time         gpu     sm    mem    enc    dec    jpg    ofa   mclk   pclk  rxpci  txpci 
#YYYYMMDD    HH:MM:SS     Idx      %      %      %      %      %      %    MHz    MHz   MB/s   MB/s 
 20260527    14:06:39       0      3      1      0    100      0      0  10251   2670    170    232 
 20260527    14:06:40       0      2      1      1    100      0      0  10251   2670    211    211 
 20260527    14:06:41       0      2      1      0    100      0      0  10251   2670    184    265 
 20260527    14:06:42       0      2      1      0    100      0      0  10251   2670    163    232 
 20260527    14:06:44       0      2      1      0    100      0      0  10251   2670    199    232 
 20260527    14:06:45       0      2      1      1    100      0      0  10251   2670    160    253 
 20260527    14:06:46       0      2      1      1    100      0      0  10251   2670    177    231 
 20260527    14:06:47       0      3      2      0    100      0      0  10251   2670    118    239 
 20260527    14:06:48       0      2      1      0    100      0      0  10251   2670    180    233 
 20260527    14:06:49       0      2      1      1    100      0      0  10251   2670    189    211 
 20260527    14:06:50       0      2      1      1    100      0      0  10251   2670    173    234 
 20260527    14:06:51       0      3      1      0    100      0      0  10251   2670    200    233 
 20260527    14:06:52       0      2      1      0    100      0      0  10251   2670    161    269 
 20260527    14:06:53       0      2      1      0    100      0      0  10251   2670    162    271 
 20260527    14:06:54       0      2      1      0    100      0      0  10251   2670    193    235 
 20260527    14:06:55       0      2      1      0    100      0      0  10251   2670    170    267 
 20260527    14:06:56       0      2      1      1    100      0      0  10251   2670    163    238 
 20260527    14:06:57       0      2      1      0    100      0      0  10251   2670    159    231 
 20260527    14:06:59       0      2      1      0    100      0      0  10251   2670    174    253 
 20260527    14:07:00       0      2      1      0    100      0      0  10251   2670    224    255 
 20260527    14:07:01       0      2      1      1    100      0      0  10251   2670    171    235 
 20260527    14:07:02       0      2      1      1    100      0      0  10251   2670    155    254 
 20260527    14:07:03       0      3      2      0    100      0      0  10251   2670    172    234 
 20260527    14:07:04       0      2      1      0    100      0      0  10251   2670    173    231 
 20260527    14:07:05       0      2      1      0    100      0      0  10251   2670    190    232 
 20260527    14:07:06       0      2      1      1    100      0      0  10251   2670    183    234 
 20260527    14:07:07       0      3      2      0    100      0      0  10251   2670    286    295 
 20260527    14:07:08       0      2      1      0    100      0      0  10251   2670    156    275 
 20260527    14:07:09       0      2      1      1    100      0      0  10251   2670    165    238 
 20260527    14:07:10       0      2      1      0    100      0      0  10251   2670    172    211 
 20260527    14:07:11       0      2      1      0    100      0      0  10251   2670    195    232 
 20260527    14:07:13       0      2      1      0    100      0      0  10251   2670    165    251 
 20260527    14:07:14       0      2      1      0    100      0      0  10251   2670    194    252 
 20260527    14:07:15       0      2      1      0    100      0      0  10251   2670    187    254 
 20260527    14:07:16       0      2      1      1    100      0      0  10251   2670    155    274 
 20260527    14:07:17       0      2      1      0    100      0      0  10251   2670    169    242 
 20260527    14:07:18       0      2      1      0    100      0      0  10251   2670    181    256 
 20260527    14:07:19       0      3      1      0    100      0      0  10251   2670    161    234 
 20260527    14:07:20       0      2      2      0    100      0      0  10251   2670    162    271 
 20260527    14:07:21       0      2      1      0    100      0      0  10251   2670    632    214 
 20260527    14:07:22       0      2      1      0    100      0      0  10251   2670    194    234 
 20260527    14:07:23       0      2      1      0    100      0      0  10251   2670    146    254 
 20260527    14:07:24       0      2      1      0    100      0      0  10251   2670    165    234 
 20260527    14:07:25       0      2      1      1    100      0      0  10251   2670    191    232 
#Date        Time         gpu     sm    mem    enc    dec    jpg    ofa   mclk   pclk  rxpci  txpci 
#YYYYMMDD    HH:MM:SS     Idx      %      %      %      %      %      %    MHz    MHz   MB/s   MB/s 
 20260527    14:07:26       0      3      1      0    100      0      0  10251   2670    166    236 
 20260527    14:07:28       0      2      1      0    100      0      0  10251   2670    200    232 
 20260527    14:07:29       0      2      1      0    100      0      0  10251   2670    196    231 
 20260527    14:07:30       0      2      1      1    100      0      0  10251   2670    147    252 
 20260527    14:07:31       0      3      1      0    100      0      0  10251   2670    125    295 
 20260527    14:07:32       0      3      2      0    100      0      0  10251   2670    107    313 
 20260527    14:07:33       0      2      1      0    100      0      0  10251   2670    165    238 
 20260527    14:07:34       0      2      1      1    100      0      0  10251   2670    156    253 
 20260527    14:07:35       0      3      1      0    100      0      0  10251   2670    189    245 
 20260527    14:07:36       0      2      1      0    100      0      0  10251   2670    200    210 
 20260527    14:07:37       0      2      1      0    100      0      0  10251   2670    183    231 
 20260527    14:07:38       0      3      1      1    100      0      0  10251   2670    190    251 
 20260527    14:07:39       0      2      1      1    100      0      0  10251   2670    148    274 
 20260527    14:07:40       0      2      1      1    100      0      0  10251   2670    166    234 
 20260527    14:07:41       0      2      2      0    100      0      0  10251   2670    145    310 
 20260527    14:07:43       0      3      2      1    100      0      0  10251   2670    162    248 
 20260527    14:07:44       0      2      1      0    100      0      0  10251   2670    160    252 
 20260527    14:07:45       0      2      1      0    100      0      0  10251   2670    203    212 
 20260527    14:07:46       0      2      1      0    100      0      0  10251   2670    160    264 
 20260527    14:07:47       0      3      1      0    100      0      0  10251   2670    166    224 
 20260527    14:07:48       0      2      1      0    100      0      0  10251   2670    196    231 
 20260527    14:07:49       0      2      1      1    100      0      0  10251   2670    116    288 
 20260527    14:07:50       0      2      2      0    100      0      0  10251   2670    139    287 
 20260527    14:07:51       0      3      2      0    100      0      0  10251   2670    138    230 
 20260527    14:07:52       0      3      2      0    100      0      0  10251   2670     91    309 
 20260527    14:07:53       0      3      2      1    100      0      0  10251   2670    106    329 
 20260527    14:07:54       0      3      2      0    100      0      0  10251   2670     94    311 
 20260527    14:07:55       0      3      2      1    100      0      0  10251   2670    103    328 
 20260527    14:07:57       0      2      1      0    100      0      0  10251   2670    164    271 
 20260527    14:07:58       0      2      1      0    100      0      0  10251   2670     70    290 
 20260527    14:07:59       0      3      2      0    100      0      0  10251   2670    220    216 
 20260527    14:08:00       0      5      2      0    100      0      0  10251   2670    206    242 
 20260527    14:08:01       0      1      1      0    100      0      0  10251   2670    469    206 
 20260527    14:08:02       0      2      1      0    100      0      0  10251   2670    225    202 
 20260527    14:08:03       0      2      1      0    100      0      0  10251   2670    193    196 
 20260527    14:08:04       0      1      1      0    100      0      0  10251   2670    196    192 
 20260527    14:08:05       0      1      1      0    100      0      0  10251   2670    218    193 
 20260527    14:08:06       0      1      1      0    100      0      0  10251   2670    215    175 
 20260527    14:08:07       0      1      1      0    100      0      0  10251   2670    214    192 
 20260527    14:08:08       0      1      1      0    100      0      0  10251   2670    213    191 
 20260527    14:08:09       0      1      1      0    100      0      0  10251   2670    206    196 
 20260527    14:08:10       0      2      1      0    100      0      0  10251   2670    203    192 
 20260527    14:08:12       0      2      1      0    100      0      0  10251   2670    184    234 
 20260527    14:08:13       0      2      1      0    100      0      0  10251   2670    194    173 
#Date        Time         gpu     sm    mem    enc    dec    jpg    ofa   mclk   pclk  rxpci  txpci 
#YYYYMMDD    HH:MM:SS     Idx      %      %      %      %      %      %    MHz    MHz   MB/s   MB/s 
 20260527    14:08:14       0      1      1      0    100      0      0  10251   2670    206    194 
 20260527    14:08:15       0      2      1      0    100      0      0  10251   2670    265    267 
 20260527    14:08:16       0      1      1      1    100      0      0  10251   2670    210    172 
 20260527    14:08:17       0      1      1      1    100      0      0  10251   2670    188    193 
 20260527    14:08:18       0      1      1      0    100      0      0  10251   2670    195    192 
 20260527    14:08:19       0      2      1      0    100      0      0  10251   2670    191    177 
 20260527    14:08:20       0      2      1      0    100      0      0  10251   2670    205    193 
 20260527    14:08:21       0      2      1      0    100      0      0  10251   2670    225    192 
 20260527    14:08:22       0      2      1      0    100      0      0  10251   2670    200    192 
 20260527    14:08:23       0      2      1      0    100      0      0  10251   2670    192    212 
 20260527    14:08:24       0      2      1      0    100      0      0  10251   2670    106    241 
 20260527    14:08:25       0      1      1      1    100      0      0  10251   2670    183    195 
 20260527    14:08:27       0      2      1      1    100      0      0  10251   2670    207    174 
 20260527    14:08:28       0      2      1      1    100      0      0  10251   2670    207    193 
 20260527    14:08:29       0      2      1      0    100      0      0  10251   2670    210    205 
 20260527    14:08:30       0      1      1      0    100      0      0  10251   2670    204    174 
 20260527    14:08:31       0      2      1      0    100      0      0  10251   2670    212    194 
 20260527    14:08:32       0      1      1      0    100      0      0  10251   2670    239    194 
 20260527    14:08:33       0      1      1      0    100      0      0  10251   2670    195    214 
 20260527    14:08:34       0      1      1      0    100      0      0  10251   2670    193    232 
 20260527    14:08:35       0      2      1      1    100      0      0  10251   2670    215    192 
 20260527    14:08:36       0      1      1      0    100      0      0  10251   2670    208    171 
 20260527    14:08:37       0      1      1      0    100      0      0  10251   2670    216    173 
 20260527    14:08:38       0      2      1      0    100      0      0  10251   2670    210    197 
 20260527    14:08:39       0      1      1      0    100      0      0  10251   2670    217    173 
 20260527    14:08:41       0      1      1      0    100      0      0  10251   2670    450    193 
 20260527    14:08:42       0      2      1      0    100      0      0  10251   2670    200    206 
 20260527    14:08:43       0      2      1      1    100      0      0  10251   2670    213    193 
 20260527    14:08:44       0      2      2      1    100      0      0  10251   2670    170    193 
 20260527    14:08:45       0      1      1      1    100      0      0  10251   2670    209    195 
 20260527    14:08:46       0      1      1      0    100      0      0  10251   2670    210    174 
 20260527    14:08:47       0      2      1      0    100      0      0  10251   2670    199    194 
 20260527    14:08:48       0      2      1      0    100      0      0  10251   2670    230    173 
 20260527    14:08:49       0      1      1      0    100      0      0  10251   2670    220    195 
 20260527    14:08:50       0      1      1      0    100      0      0  10251   2670    199    194 
 20260527    14:08:51       0      2      1      0    100      0      0  10251   2670    174    234 
 20260527    14:08:52       0      2      1      0    100      0      0  10251   2670    228    173 
 20260527    14:08:53       0      1      1      0    100      0      0  10251   2670    226    186 
 20260527    14:08:54       0      2      1      0    100      0      0  10251   2670    630    207 
 20260527    14:08:56       0      2      1      0    100      0      0  10251   2670    232    194 
 20260527    14:08:57       0      1      1      0    100      0      0  10251   2670    198    194 
 20260527    14:08:58       0      2      1      0    100      0      0  10251   2670    215    174 
 20260527    14:08:59       0      2      1      0    100      0      0  10251   2670    236    194 
 20260527    14:09:00       0      4      2      0    100      0      0  10251   2670    219    185 
#Date        Time         gpu     sm    mem    enc    dec    jpg    ofa   mclk   pclk  rxpci  txpci 
#YYYYMMDD    HH:MM:SS     Idx      %      %      %      %      %      %    MHz    MHz   MB/s   MB/s 
 20260527    14:09:01       0      1      1      0    100      0      0  10251   2670    204    176 
 20260527    14:09:02       0      2      1      0    100      0      0  10251   2670    197    192 
 20260527    14:09:03       0      2      1      1    100      0      0  10251   2670    199    199 
 20260527    14:09:04       0      1      1      1    100      0      0  10251   2670    187    193 
 20260527    14:09:05       0      1      1      0    100      0      0  10251   2670    209    180 
 20260527    14:09:06       0      2      1      0    100      0      0  10251   2670    515    195 
 20260527    14:09:07       0      1      1      0    100      0      0  10251   2670    214    192 
 20260527    14:09:08       0      2      1      0    100      0      0  10251   2670    198    210 
 20260527    14:09:09       0      1      1      0    100      0      0  10251   2670    212    173 
 20260527    14:09:11       0      2      1      0    100      0      0  10251   2670    185    215 
 20260527    14:09:12       0      2      1      0    100      0      0  10251   2670    204    195 
 20260527    14:09:13       0      2      1      0    100      0      0  10251   2670    235    193 
 20260527    14:09:14       0      1      1      0    100      0      0  10251   2670    210    210 
 20260527    14:09:15       0      2      1      0    100      0      0  10251   2670    194    213 
 20260527    14:09:16       0      1      1      0    100      0      0  10251   2670    201    196 
 20260527    14:09:17       0      1      1      0    100      0      0  10251   2670    204    171 
 20260527    14:09:18       0      1      1      0    100      0      0  10251   2670    222    195 
 20260527    14:09:19       0      2      1      0    100      0      0  10251   2670    218    215 
 20260527    14:09:20       0      1      1      1    100      0      0  10251   2670    220    196 
 20260527    14:09:21       0      2      1      0    100      0      0  10251   2670    196    192 
 20260527    14:09:22       0      2      1      1    100      0      0  10251   2670    185    214 
 20260527    14:09:23       0      2      1      0    100      0      0  10251   2670    206    194 
 20260527    14:09:25       0      1      1      0    100      0      0  10251   2670    205    197 
 20260527    14:09:26       0      1      1      0    100      0      0  10251   2670    218    194 
 20260527    14:09:27       0      2      1      1    100      0      0  10251   2670    210    213 
 20260527    14:09:28       0      2      1      1    100      0      0  10251   2670    198    195 
 20260527    14:09:29       0      1      1      1    100      0      0  10251   2670    239    173 
 20260527    14:09:30       0      1      1      0    100      0      0  10251   2670    212    182 
 20260527    14:09:31       0      2      1      0    100      0      0  10251   2670    209    173 
 20260527    14:09:32       0      1      1      0    100      0      0  10251   2670    201    175 
 20260527    14:09:33       0      2      1      0    100      0      0  10251   2670    213    193 
 20260527    14:09:34       0      1      1      0    100      0      0  10251   2670    206    182 
 20260527    14:09:35       0      2      1      0    100      0      0  10251   2670    225    193 
 20260527    14:09:36       0      2      2      1    100      0      0  10251   2670    155    233 
 20260527    14:09:37       0      2      1      0    100      0      0  10251   2670    156    251 
 20260527    14:09:38       0      3      1      0    100      0      0  10251   2670    179    232 
 20260527    14:09:40       0      3      2      1    100      0      0  10251   2670     91    311 
 20260527    14:09:41       0      2      2      0    100      0      0  10251   2670      0      0 
 20260527    14:09:42       0      0      1      0      0      0      0  10501   2670      0      1 
 20260527    14:09:43       0      1      7      0      0      0      0    810    540      0      1 
 20260527    14:09:44       0      0      7      0      0      0      0    810    345      6      0 
 20260527    14:09:45       0      0      1      0      0      0      0  10251   2520      5      1 
 20260527    14:09:46       0      0      1      0      0      0      0  10251   2520      0      1 
 20260527    14:09:47       0      0      1      0      0      0      0  10251   2520      0      2 
#Date        Time         gpu     sm    mem    enc    dec    jpg    ofa   mclk   pclk  rxpci  txpci 
#YYYYMMDD    HH:MM:SS     Idx      %      %      %      %      %      %    MHz    MHz   MB/s   MB/s 
 20260527    14:09:48       0      0      1      0      0      0      0  10251   2520      0      0 
 20260527    14:09:49       0      0      1      0      0      0      0  10251   2520      0      0 
 20260527    14:09:50       0      1      1      0      0      0      0  10251   2520      0      2 
 20260527    14:09:51       0      0      7      0      0      0      0    810    360      0      0 
 20260527    14:09:52       0      0      7      0      0      0      0    810    225      0      0 
 20260527    14:09:53       0      1     14      0      0      0      0    405    210      0      0 
 20260527    14:09:55       0      2     14      0      0      0      0    405    210      1      0 
 20260527    14:09:56       0      1     14      0      0      0      0    405    210      0      1 
 20260527    14:09:57       0      1     15      0      0      0      0    405    210      0      5 
 20260527    14:09:58       0      0     14      0      0      0      0    405    210      0      0 
 20260527    14:09:59       0      3     14      0      0      0      0    405    210      0      0 
 20260527    14:10:00       0     13     14      0      0      0      0    405    210     14      2 
 20260527    14:10:01       0      0      9      0      0      0      0    405    210      0      0 
 20260527    14:10:02       0      1     10      0      0      0      0    405    210      2      0 
 20260527    14:10:03       0      3     10      0      0      0      0    405    210     11      0 
 20260527    14:10:04       0      0     10      0      0      0      0    405    210      0      0 
 20260527    14:10:05       0      0     10      0      0      0      0    405    210      3      0 
 20260527    14:10:06       0      3     12      0      0      0      0    405    210      5      0 
 20260527    14:10:07       0      1     12      0      0      0      0    405    210      0      1 
 20260527    14:10:08       0      1     12      0      0      0      0    405    210      0      0 
 20260527    14:10:09       0      0     12      0      0      0      0    405    210      0      0 
 20260527    14:10:11       0      2     12      0      0      0      0    405    210      1      0 
 20260527    14:10:12       0      1     12      0      0      0      0    405    210      0      0 
 20260527    14:10:13       0      1     12      0      0      0      0    405    210      0      1 
 20260527    14:10:14       0      0     12      0      0      0      0    405    210      0      0 
 20260527    14:10:15       0      3     12      0      0      0      0    405    210      0      0 
 20260527    14:10:16       0      1     12      0      0      0      0    405    210      0      0 
 20260527    14:10:17       0      0     13      0      0      0      0    405    210      0      1 
 20260527    14:10:18       0      0     13      0      0      0      0    405    210      0      0 
 20260527    14:10:19       0      3     13      0      0      0      0    405    210    273      8 
 20260527    14:10:20       0      0     13      0      0      0      0    405    210      0      0 
 20260527    14:10:21       0      0     13      0      0      0      0    405    210      0      0 
 20260527    14:10:22       0      2     14      0      0      0      0    405    210      4      0 
 20260527    14:10:23       0      1     13      0      0      0      0    405    210      0      0 
 20260527    14:10:24       0      1     13      0      0      0      0    405    210      4      0 
 20260527    14:10:26       0      1     13      0      0      0      0    405    210      0      0 
 20260527    14:10:27       0      2     13      0      0      0      0    405    210      5      0 
 20260527    14:10:28       0      1     13      0      0      0      0    405    210      0      0 
 20260527    14:10:29       0      1     13      0      0      0      0    405    210      0      0 
 20260527    14:10:30       0      0     13      0      0      0      0    405    210      3      0 
 20260527    14:10:31       0      2     13      0      0      0      0    405    210      0      7 
 20260527    14:10:32       0      1     13      0      0      0      0    405    210      0      0 
 20260527    14:10:33       0      0     13      0      0      0      0    405    210      0      0 
 20260527    14:10:34       0      0     13      0      0      0      0    405    210     13      0 
#Date        Time         gpu     sm    mem    enc    dec    jpg    ofa   mclk   pclk  rxpci  txpci 
#YYYYMMDD    HH:MM:SS     Idx      %      %      %      %      %      %    MHz    MHz   MB/s   MB/s 
 20260527    14:10:35       0      3     13      0      0      0      0    405    210      3      0 
 20260527    14:10:36       0      0     13      0      0      0      0    405    210      0      0 
 20260527    14:10:37       0      0     13      0      0      0      0    405    210      0      0 
 20260527    14:10:38       0      2     14      0      0      0      0    405    210      1      0 
 20260527    14:10:39       0      1     14      0      0      0      0    405    210      3      0 
 20260527    14:10:41       0      0     14      0      0      0      0    405    210      4      0 
 20260527    14:10:42       0      0     14      0      0      0      0    405    210      4      0 
 20260527    14:10:43       0      2     14      0      0      0      0    405    210      1      0 
 20260527    14:10:44       0      1     14      0      0      0      0    405    210      0      0 
 20260527    14:10:45       0      0     14      0      0      0      0    405    210      0      0 
 20260527    14:10:46       0      0     13      0      0      0      0    405    210      0      0 
 20260527    14:10:47       0      2     13      0      0      0      0    405    210      0      0 
 20260527    14:10:48       0      1     13      0      0      0      0    405    210      2      0 
 20260527    14:10:49       0      0     13      0      0      0      0    405    210     11      0 
 20260527    14:10:50       0      0     13      0      0      0      0    405    210      1      0 
 20260527    14:10:51       0      3     13      0      0      0      0    405    210      0      0 
 20260527    14:10:52       0      0     13      0      0      0      0    405    210    138      0 
 20260527    14:10:53       0      0     13      0      0      0      0    405    210      0      0 
 20260527    14:10:54       0      1     13      0      0      0      0    405    210      1      0 
 20260527    14:10:56       0      1     13      0      0      0      0    405    210      0      0 
 20260527    14:10:57       0      1     13      0      0      0      0    405    210      3      0 
 20260527    14:10:58       0      1     13      0      0      0      0    405    210      0      1 
 20260527    14:10:59       0      3     13      0      0      0      0    405    210      1      1 
 20260527    14:11:00       0      7     12      0      0      0      0  10251   2520     12      2 
 20260527    14:11:01       0      0      0      0      0      0      0  10251   2520      0      0 
 20260527    14:11:02       0      0      0      0      0      0      0  10251   2520      0      1 
 20260527    14:11:03       0      0      0      0      0      0      0  10251   2520      1      2 
 20260527    14:11:04       0      0      5      0      0      0      0    810    480    224     33 
 20260527    14:11:05       0      0      5      0      0      0      0    810    300      0      1 
 20260527    14:11:06       0      1     10      0      0      0      0    405    210      1      1 
 20260527    14:11:07       0      2     11      0      0      0      0    405    210      0      0 
 20260527    14:11:08       0      0     12      0      0      0      0    405    210      0      0 
 20260527    14:11:09       0      0     12      0      0      0      0    405    210      0      1 
 20260527    14:11:11       0      2     12      0      0      0      0    405    210      1      0 
 20260527    14:11:12       0      1     12      0      0      0      0    405    210      0      0 
 20260527    14:11:13       0      0     12      0      0      0      0    405    210      0      0 
 20260527    14:11:14       0      0     12      0      0      0      0    405    210      3      0 
 20260527    14:11:15       0      3     12      0      0      0      0    405    210      5      0 
 20260527    14:11:16       0      0     12      0      0      0      0    405    210      0      5 
 20260527    14:11:17       0      1     12      0      0      0      0    405    210      0      0 
 20260527    14:11:18       0      0     12      0      0      0      0    405    210      1      0 
 20260527    14:11:19       0      2     12      0      0      0      0    405    210      0      0 
 20260527    14:11:20       0      1     12      0      0      0      0    405    210      0      0 
 20260527    14:11:21       0      0     12      0      0      0      0    405    210      0      0 
#Date        Time         gpu     sm    mem    enc    dec    jpg    ofa   mclk   pclk  rxpci  txpci 
#YYYYMMDD    HH:MM:SS     Idx      %      %      %      %      %      %    MHz    MHz   MB/s   MB/s 
 20260527    14:11:22       0      2     13      0      0      0      0    405    210      1      0 
 20260527    14:11:23       0      1     13      0      0      0      0    405    210      0      0 
 20260527    14:11:24       0      1     13      0      0      0      0    405    210      0      0 
 20260527    14:11:26       0      0     13      0      0      0      0    405    210    261     24 
 20260527    14:11:27       0      2     13      0      0      0      0    405    210      1      0 
 20260527    14:11:28       0      0     13      0      0      0      0    405    210      0      0 
 20260527    14:11:29       0      0     13      0      0      0      0    405    210      0      0 
 20260527    14:11:30       0      0     12      0      0      0      0    405    210      0      0 
 20260527    14:11:31       0      3     12      0      0      0      0    405    210      8      0 
 20260527    14:11:32       0      0     12      0      0      0      0    405    210      0      0 
 20260527    14:11:33       0      1     13      0      0      0      0    405    210      1      1 
 20260527    14:11:34       0      0     13      0      0      0      0    405    210      0      3 
 20260527    14:11:35       0      3     13      0      0      0      0    405    210      0      0 
 20260527    14:11:36       0      0     13      0      0      0      0    405    210      3      0 
 20260527    14:11:37       0      0     13      0      0      0      0    405    210      2     10 
 20260527    14:11:38       0      2     13      0      0      0      0    405    210      1      0 
 20260527    14:11:39       0      0     13      0      0      0      0    405    210      0      0 
 20260527    14:11:41       0      1     12      0      0      0      0    405    210      0      0 
 20260527    14:11:42       0      0     12      0      0      0      0    405    210      0      0 
 20260527    14:11:43       0      4     13      0      0      0      0    405    210      1      0 
 20260527    14:11:44       0      1     12      0      0      0      0    405    210      0      0 
 20260527    14:11:45       0      0     12      0      0      0      0    405    210      0      0 
 20260527    14:11:46       0      1     12      0      0      0      0    405    210      0      0 
 20260527    14:11:47       0      3     12      0      0      0      0    405    210      5      0 
 20260527    14:11:48       0      0     12      0      0      0      0    405    210     11      4 
 20260527    14:11:49       0      0     12      0      0      0      0    405    210      0      2 
 20260527    14:11:50       0      0     12      0      0      0      0    405    210      1      0 
 20260527    14:11:51       0      3     12      0      0      0      0    405    210      0      0 
 20260527    14:11:52       0      1     12      0      0      0      0    405    210      0      0 
 20260527    14:11:53       0      1     13      0      0      0      0    405    210      0      0 
 20260527    14:11:54       0      3     13      0      0      0      0    405    210      1      0 
 20260527    14:11:56       0      1     13      0      0      0      0    405    210      0      0 
 20260527    14:11:57       0      1     13      0      0      0      0    405    210      0      0 
 20260527    14:11:58       0      0     13      0      0      0      0    405    210      0      0 
 20260527    14:11:59       0      3     13      0      0      0      0    405    210     31      2 
 20260527    14:12:00       0      1      0      0      0      0      0  10251   2520     18      2 
 20260527    14:12:01       0      0      0      0      0      0      0  10251   2520      0      0 
 20260527    14:12:02       0      0      0      0      0      0      0  10251   2520      0      0 
 20260527    14:12:03       0      0      0      0      0      0      0  10251   2520      0      0 
 20260527    14:12:04       0      0      5      0      0      0      0    810    480     14      0 
 20260527    14:12:05       0      0      5      0      0      0      0    810    315      4      2 
 20260527    14:12:06       0      0      9      0      0      0      0    405    210      1      2 
 20260527    14:12:07       0      1     10      0      0      0      0    405    210      0      0 
 20260527    14:12:08       0      1     10      0      0      0      0    405    210      0      0 
#Date        Time         gpu     sm    mem    enc    dec    jpg    ofa   mclk   pclk  rxpci  txpci 
#YYYYMMDD    HH:MM:SS     Idx      %      %      %      %      %      %    MHz    MHz   MB/s   MB/s 
 20260527    14:12:09       0      0     12      0      0      0      0    405    210      0      0 
 20260527    14:12:10       0      3     12      0      0      0      0    405    210    270     17 
 20260527    14:12:12       0      1     12      0      0      0      0    405    210      0      0 
 20260527    14:12:13       0      1     12      0      0      0      0    405    210      0      0 
 20260527    14:12:14       0      0     12      0      0      0      0    405    210      0      1 
 20260527    14:12:15       0      3     12      0      0      0      0    405    210      1      0 
 20260527    14:12:16       0      0     13      0      0      0      0    405    210      0      0 
 20260527    14:12:17       0      0     13      0      0      0      0    405    210      0      1 
 20260527    14:12:18       0      1     13      0      0      0      0    405    210      0      0 
 20260527    14:12:19       0      3     13      0      0      0      0    405    210      3      2 
 20260527    14:12:20       0      0     13      0      0      0      0    405    210      0      0 
 20260527    14:12:21       0      0     13      0      0      0      0    405    210      0      1 
 20260527    14:12:22       0      3     13      0      0      0      0    405    210     10     25 
 20260527    14:12:23       0      1     12      0      0      0      0    405    210      0      0 
 20260527    14:12:24       0      0     12      0      0      0      0    405    210      0      0 
 20260527    14:12:26       0      1     12      0      0      0      0    405    210      0      0 
 20260527    14:12:27       0      3     12      0      0      0      0    405    210      1      0 
 20260527    14:12:28       0      2     13      0      0      0      0    405    210      0      1 
 20260527    14:12:29       0      1     12      0      0      0      0    405    210      0      0 
 20260527    14:12:30       0      0     12      0      0      0      0    405    210      0      0 
 20260527    14:12:31       0      4     12      0      0      0      0    405    210      0      0 
 20260527    14:12:32       0      0     12      0      0      0      0    405    210      4      0 
 20260527    14:12:33       0      0     12      0      0      0      0    405    210      4      2 
 20260527    14:12:34       0      0     12      0      0      0      0    405    210      0      2 
 20260527    14:12:35       0      3     12      0      0      0      0    405    210      0      0 
 20260527    14:12:36       0      0     12      0      0      0      0    405    210      0      0 
 20260527    14:12:37       0      1     13      0      0      0      0    405    210      0      0 
 20260527    14:12:38       0      3     13      0      0      0      0    405    210      0      0 
 20260527    14:12:39       0      1     13      0      0      0      0    405    210      0      0 
 20260527    14:12:41       0      1     13      0      0      0      0    405    210      3      0 
 20260527    14:12:42       0      1     13      0      0      0      0    405    210      0      0 
 20260527    14:12:43       0      3     13      0      0      0      0    405    210      0      0 
 20260527    14:12:44       0      1     13      0      0      0      0    405    210    279      2 
 20260527    14:12:45       0      0     13      0      0      0      0    405    210      0      0 
 20260527    14:12:46       0      0     13      0      0      0      0    405    210      0      0 
 20260527    14:12:47       0      3     12      0      0      0      0    405    210      1      0 
 20260527    14:12:48       0      0     12      0      0      0      0    405    210      0      0 
 20260527    14:12:49       0      0     12      0      0      0      0    405    210      5      0 
 20260527    14:12:50       0      0     12      0      0      0      0    405    210      0      0 
 20260527    14:12:51       0      2     12      0      0      0      0    405    210      0      0 
 20260527    14:12:52       0      1     13      0      0      0      0    405    210      0      0 
 20260527    14:12:53       0      0     12      0      0      0      0    405    210      0      1 
 20260527    14:12:54       0      3     13      0      0      0      0    405    210      1      6 
 20260527    14:12:56       0      1     12      0      0      0      0    405    210      0      0 
#Date        Time         gpu     sm    mem    enc    dec    jpg    ofa   mclk   pclk  rxpci  txpci 
#YYYYMMDD    HH:MM:SS     Idx      %      %      %      %      %      %    MHz    MHz   MB/s   MB/s 
 20260527    14:12:57       0      0     12      0      0      0      0    405    210      0      0 
 20260527    14:12:58       0      1     12      0      0      0      0    405    210      3      0 
 20260527    14:12:59       0      4     13      0      0      0      0    405    210      1      0 
 20260527    14:13:00       0     18     12      0      0      0      0    405    210     12      2 
 20260527    14:13:01       0      0     10      0      0      0      0    405    210      0      0 
 20260527    14:13:02       0      1     11      0      0      0      0    405    210      0      0 
 20260527    14:13:03       0      3     12      0      0      0      0    405    210      0      0 
 20260527    14:13:04       0      0     12      0      0      0      0    405    210     13      0 
 20260527    14:13:05       0      0     12      0      0      0      0    405    210    299     12 
 20260527    14:13:06       0      0     12      0      0      0      0    405    210      2      0 
 20260527    14:13:07       0      1     12      0      0      0      0    405    210      0      0 
 20260527    14:13:08       0      1     12      0      0      0      0    405    210      0      0 
 20260527    14:13:09       0      0     11      0      0      0      0    405    210      0      0 
 20260527    14:13:11       0      3     12      0      0      0      0    405    210      1      0 
 20260527    14:13:12       0      2     12      0      0      0      0    405    210      0      1 
 20260527    14:13:13       0      0     12      0      0      0      0    405    210      0      0 
 20260527    14:13:14       0      2     12      0      0      0      0    405    210      0      0 
 20260527    14:13:15       0      3     12      0      0      0      0    405    210      3      0 
 20260527    14:13:16       0      0     12      0      0      0      0    405    210      0      0 
 20260527    14:13:17       0      0     12      0      0      0      0    405    210    232      0 
 20260527    14:13:18       0      0     12      0      0      0      0    405    210      0      3 
 20260527    14:13:19       0      4     12      0      0      0      0    405    210      0      0 
 20260527    14:13:20       0      0     12      0      0      0      0    405    210      0      0 
 20260527    14:13:21       0      0     12      0      0      0      0    405    210      0      0 
 20260527    14:13:22       0      3     13      0      0      0      0    405    210      1      0 
 20260527    14:13:23       0      1     13      0      0      0      0    405    210      0      1 
 20260527    14:13:24       0      1     13      0      0      0      0    405    210      0      0 
 20260527    14:13:26       0      1     13      0      0      0      0    405    210      0      0 
 20260527    14:13:27       0      3     13      0      0      0      0    405    210      1      0 
 20260527    14:13:28       0      1     13      0      0      0      0    405    210      0      0 
 20260527    14:13:29       0      1     13      0      0      0      0    405    210    183     22 
 20260527    14:13:30       0      0     13      0      0      0      0    405    210      0      0 
 20260527    14:13:31       0      3     12      0      0      0      0    405    210      1      2 
 20260527    14:13:32       0      0     12      0      0      0      0    405    210      0      0 
 20260527    14:13:33       0      0     12      0      0      0      0    405    210      0      0 
 20260527    14:13:34       0      1     12      0      0      0      0    405    210      2      3 
 20260527    14:13:35       0      2     12      0      0      0      0    405    210      0      0 
 20260527    14:13:36       0      0     12      0      0      0      0    405    210      0      0 
 20260527    14:13:37       0      1     12      0      0      0      0    405    210      0      0 
 20260527    14:13:38       0      3     12      0      0      0      0    405    210      5      0 
 20260527    14:13:39       0      1     12      0      0      0      0    405    210      5      1 
 20260527    14:13:41       0      0     12      0      0      0      0    405    210      0      3 
 20260527    14:13:42       0      1     12      0      0      0      0    405    210      0      0 
 20260527    14:13:43       0      3     13      0      0      0      0    405    210      0      0 
#Date        Time         gpu     sm    mem    enc    dec    jpg    ofa   mclk   pclk  rxpci  txpci 
#YYYYMMDD    HH:MM:SS     Idx      %      %      %      %      %      %    MHz    MHz   MB/s   MB/s 
 20260527    14:13:44       0      2     13      0      0      0      0    405    210      0      0 
 20260527    14:13:45       0      0     13      0      0      0      0    405    210      0      0 
 20260527    14:13:46       0      0     13      0      0      0      0    405    210      0      0 
 20260527    14:13:47       0      3     13      0      0      0      0    405    210      0      0 
 20260527    14:13:48       0      0     13      0      0      0      0    405    210      3      0 
 20260527    14:13:49       0      0     13      0      0      0      0    405    210      2      0 
 20260527    14:13:50       0      0     13      0      0      0      0    405    210      1      2 
 20260527    14:13:51       0      4     13      0      0      0      0    405    210      0      4 
 20260527    14:13:52       0      1     13      0      0      0      0    405    210      0      0 
 20260527    14:13:53       0      0     12      0      0      0      0    405    210      0      0 
 20260527    14:13:54       0      3     12      0      0      0      0    405    210      0      0 
 20260527    14:13:56       0      1     12      0      0      0      0    405    210      0      0 
 20260527    14:13:57       0      0     12      0      0      0      0    405    210      0      0 
 20260527    14:13:58       0      1     12      0      0      0      0    405    210      0      0 
 20260527    14:13:59       0      3     13      0      0      0      0    405    210      1      2 
 20260527    14:14:00       0      9      7      0      0      0      0  10251   2520     19      3 
 20260527    14:14:01       0      0      0      0      0      0      0  10251   2520      0      0 
 20260527    14:14:02       0      0      0      0      0      0      0  10251   2520    193      0 
 20260527    14:14:03       0      0      0      0      0      0      0  10251   2520      0      0 
 20260527    14:14:04       0      0      5      0      0      0      0    810    450     15      1 
 20260527    14:14:05       0      0      5      0      0      0      0    810    285      3      0 
 20260527    14:14:06       0      0     10      0      0      0      0    405    210      0      0 
 20260527    14:14:07       0      1     10      0      0      0      0    405    210      0      0 
 20260527    14:14:08       0      0     10      0      0      0      0    405    210      3      0 
 20260527    14:14:09       0      1     10      0      0      0      0    405    210      0      0 
 20260527    14:14:10       0      4     10      0      0      0      0    405    210      1      0 
 20260527    14:14:12       0      1     10      0      0      0      0    405    210      0      0 
 20260527    14:14:13       0      1     11      0      0      0      0    405    210      0      0 
 20260527    14:14:14       0      0     10      0      0      0      0    405    210     49      0 
 20260527    14:14:15       0      2     11      0      0      0      0    405    210      2      0 
 20260527    14:14:16       0      0     10      0      0      0      0    405    210      0      0 
 20260527    14:14:17       0      1     10      0      0      0      0    405    210      0      0 
 20260527    14:14:18       0      0     10      0      0      0      0    405    210      0      0 
 20260527    14:14:19       0      2     10      0      0      0      0    405    210      0      2 
 20260527    14:14:20       0      0     11      0      0      0      0    405    210      2      0 
 20260527    14:14:21       0      0     11      0      0      0      0    405    210      0      2 
 20260527    14:14:22       0      0     11      0      0      0      0    405    210      1      2 
 20260527    14:14:23       0      2     11      0      0      0      0    405    210      0      0 
 20260527    14:14:24       0      1     11      0      0      0      0    405    210      0      0 
 20260527    14:14:25       0      0     11      0      0      0      0    405    210    189      0 
 20260527    14:14:27       0      2     11      0      0      0      0    405    210      1      0 
 20260527    14:14:28       0      1     11      0      0      0      0    405    210      0      0 
 20260527    14:14:29       0      1     12      0      0      0      0    405    210      0      0 
 20260527    14:14:30       0      0     12      0      0      0      0    405    210      0      1 
#Date        Time         gpu     sm    mem    enc    dec    jpg    ofa   mclk   pclk  rxpci  txpci 
#YYYYMMDD    HH:MM:SS     Idx      %      %      %      %      %      %    MHz    MHz   MB/s   MB/s 
 20260527    14:14:31       0      3     12      0      0      0      0    405    210      5      0 
 20260527    14:14:32       0      0     12      0      0      0      0    405    210      0      0 
 20260527    14:14:33       0      0     12      0      0      0      0    405    210      0      0 
 20260527    14:14:34       0      0     12      0      0      0      0    405    210      0      0 
 20260527    14:14:35       0      3     12      0      0      0      0    405    210     15      1 
 20260527    14:14:36       0      0     12      0      0      0      0    405    210      2      6 
 20260527    14:14:37       0      0     12      0      0      0      0    405    210      0      0 
 20260527    14:14:38       0      3     12      0      0      0      0    405    210      6      0 
 20260527    14:14:39       0      2     12      0      0      0      0    405    210      3      0 
 20260527    14:14:40       0      1     11      0      0      0      0    405    210      0      0 
 20260527    14:14:41       0      0     11      0      0      0      0    405    210      0      1 
 20260527    14:14:43       0      2     11      0      0      0      0    405    210      0      0 
 20260527    14:14:44       0      1     11      0      0      0      0    405    210      0      0 
 20260527    14:14:45       0      1     12      0      0      0      0    405    210      0      0 
 20260527    14:14:46       0      0     11      0      0      0      0    405    210      6      1 
 20260527    14:14:47       0      3     11      0      0      0      0    405    210      0      4 
 20260527    14:14:48       0      0     11      0      0      0      0    405    210      0      0 
 20260527    14:14:49       0      1     11      0      0      0      0    405    210      0      0 
 20260527    14:14:50       0      0     12      0      0      0      0    405    210      0      2 
 20260527    14:14:51       0      3     12      0      0      0      0    405    210      2      1 
 20260527    14:14:52       0      0     12      0      0      0      0    405    210      1      0 
 20260527    14:14:53       0      0     12      0      0      0      0    405    210      0      1 
 20260527    14:14:54       0      3     13      0      0      0      0    405    210      4      0 
 20260527    14:14:55       0      1     12      0      0      0      0    405    210      0      0 
 20260527    14:14:56       0      1     12      0      0      0      0    405    210    243      0 
 20260527    14:14:58       0      0     12      0      0      0      0    405    210      0      0 
 20260527    14:14:59       0      3     12      0      0      0      0    405    210      1      1 
 20260527    14:15:00       0      1     11      0      0      0      0    405    210     13      2 
 20260527    14:15:01       0      0      8      0      0      0      0    405    210      0      1 
 20260527    14:15:02       0      1      9      0      0      0      0    405    210      0      0 
 20260527    14:15:03       0      3     10      0      0      0      0    405    210      1      1 
 20260527    14:15:04       0      1     10      0      0      0      0    405    210      0      0 
 20260527    14:15:05       0      0     10      0      0      0      0    405    210      0      0 
 20260527    14:15:06       0      0     10      0      0      0      0    405    210      0      4 
 20260527    14:15:07       0      3     10      0      0      0      0    405    210      2      1 
 20260527    14:15:08       0      1     10      0      0      0      0    405    210    181     22 
 20260527    14:15:09       0      0     10      0      0      0      0    405    210      0      0 
 20260527    14:15:10       0      2     10      0      0      0      0    405    210      0      0 
 20260527    14:15:11       0      1     10      0      0      0      0    405    210      0      0 
 20260527    14:15:12       0      1     12      0      0      0      0    405    210      0      0 
 20260527    14:15:14       0      0     12      0      0      0      0    405    210      7      0 
 20260527    14:15:15       0      3     12      0      0      0      0    405    210      4      1 
 20260527    14:15:16       0      1     12      0      0      0      0    405    210      0      0 
 20260527    14:15:17       0      1     12      0      0      0      0    405    210      0      1 
#Date        Time         gpu     sm    mem    enc    dec    jpg    ofa   mclk   pclk  rxpci  txpci 
#YYYYMMDD    HH:MM:SS     Idx      %      %      %      %      %      %    MHz    MHz   MB/s   MB/s 
 20260527    14:15:18       0      1     11      0      0      0      0    405    210      0      0 
 20260527    14:15:19       0      3     11      0      0      0      0    405    210      1      0 
 20260527    14:15:20       0      0     11      0      0      0      0    405    210      8     24 
 20260527    14:15:21       0      0     12      0      0      0      0    405    210      0      0 
 20260527    14:15:22       0      1     12      0      0      0      0    405    210     11      0 
 20260527    14:15:23       0      3     12      0      0      0      0    405    210      1      0 
 20260527    14:15:24       0      0     13      0      0      0      0    405    210      0      0 
 20260527    14:15:25       0      1     13      0      0      0      0    405    210      0      1 
 20260527    14:15:26       0      4     14      0      0      0      0    405    210      1      0 
 20260527    14:15:27       0      0     13      0      0      0      0    405    210      0      0 
 20260527    14:15:28       0      0     13      0      0      0      0    405    210      0      0 
 20260527    14:15:30       0      0     13      0      0      0      0    405    210      0      0 
 20260527    14:15:31       0      3     13      0      0      0      0    405    210     12      0 
 20260527    14:15:32       0      0     12      0      0      0      0    405    210      6     12 
 20260527    14:15:33       0      0     12      0      0      0      0    405    210      0      0 
 20260527    14:15:34       0      0     13      0      0      0      0    405    210      0      0 
 20260527    14:15:35       0      3     13      0      0      0      0    405    210      1      0 
 20260527    14:15:36       0      0     13      0      0      0      0    405    210      0      0 
 20260527    14:15:37       0      0     13      0      0      0      0    405    210      0      3 
 20260527    14:15:38       0      1     13      0      0      0      0    405    210      8      0 
 20260527    14:15:39       0      3     13      0      0      0      0    405    210      2      0 
 20260527    14:15:40       0      0     13      0      0      0      0    405    210      0      0 
 20260527    14:15:41       0      0     13      0      0      0      0    405    210      0      0 
 20260527    14:15:42       0      3     13      0      0      0      0    405    210      5      0 
 20260527    14:15:43       0      0     13      0      0      0      0    405    210      4     15 
 20260527    14:15:45       0      1     14      0      0      0      0    405    210      0      0 
 20260527    14:15:46       0      0     14      0      0      0      0    405    210      0      0 
 20260527    14:15:47       0      3     14      0      0      0      0    405    210      1      2 
 20260527    14:15:48       0      0     14      0      0      0      0    405    210      0      0 
 20260527    14:15:49       0      0     14      0      0      0      0    405    210      0      0 
 20260527    14:15:50       0      0     13      0      0      0      0    405    210      0      0 
 20260527    14:15:51       0      3     13      0      0      0      0    405    210      1      0 
 20260527    14:15:52       0      0     13      0      0      0      0    405    210      0      2 
 20260527    14:15:53       0      0     13      0      0      0      0    405    210      0      1 
 20260527    14:15:54       0      0     13      0      0      0      0    405    210      4      0 
 20260527    14:15:55       0      3     13      0      0      0      0    405    210      0      0 
 20260527    14:15:56       0      1     13      0      0      0      0    405    210      0      0 
 20260527    14:15:57       0      1     13      0      0      0      0    405    210      0      0 
 20260527    14:15:58       0      3     13      0      0      0      0    405    210      1      0 
 20260527    14:16:00       0      0     13      0      0      0      0    405    210      3      0 
 20260527    14:16:01       0      1      9      0      0      0      0    405    210      0      0 
 20260527    14:16:02       0      0     11      0      0      0      0    405    210      0      0 
 20260527    14:16:03       0      3     11      0      0      0      0    405    210      1      0 
 20260527    14:16:04       0      0     11      0      0      0      0    405    210      0      0 
#Date        Time         gpu     sm    mem    enc    dec    jpg    ofa   mclk   pclk  rxpci  txpci 
#YYYYMMDD    HH:MM:SS     Idx      %      %      %      %      %      %    MHz    MHz   MB/s   MB/s 
 20260527    14:16:05       0      0     12      0      0      0      0    405    210    126     23 
 20260527    14:16:06       0      0     12      0      0      0      0    405    210      0      0 
 20260527    14:16:07       0      4     12      0      0      0      0    405    210      0      2 
 20260527    14:16:08       0      0     12      0      0      0      0    405    210      0      0 
 20260527    14:16:09       0      0     12      0      0      0      0    405    210      1      0 
 20260527    14:16:10       0      0     12      0      0      0      0    405    210      1      3 
 20260527    14:16:11       0      0     12      0      0      0      0    405    210      0      0 
 20260527    14:16:12       0      1     12      0      0      0      0    405    210      0      0 
 20260527    14:16:13       0      1     12      0      0      0      0    405    210      0      0 
 20260527    14:16:15       0      2     12      0      0      0      0    405    210      1      0 
 20260527    14:16:16       0      0     12      0      0      0      0    405    210      4      0 
 20260527    14:16:17       0      1     12      0      0      0      0    405    210      0      5 
 20260527    14:16:18       0      0     12      0      0      0      0    405    210      0      0 
 20260527    14:16:19       0      3     12      0      0      0      0    405    210      0      0 
 20260527    14:16:20       0      0     12      0      0      0      0    405    210      0      0 
 20260527    14:16:21       0      0     12      0      0      0      0    405    210      0      0 
 20260527    14:16:22       0      0     12      0      0      0      0    405    210     11      2 
 20260527    14:16:23       0      3     13      0      0      0      0    405    210      3      0 
 20260527    14:16:24       0      0     12      0      0      0      0    405    210      1      1 
 20260527    14:16:25       0      0     13      0      0      0      0    405    210      0      0 
 20260527    14:16:26       0      2     13      0      0      0      0    405    210      6      0 
 20260527    14:16:27       0      0     13      0      0      0      0    405    210      0      3 
 20260527    14:16:28       0      0     13      0      0      0      0    405    210      0      0 
 20260527    14:16:30       0      2     14      0      0      0      0    405    210      0      0 
 20260527    14:16:31       0      3     14      0      0      0      0    405    210      5      0 
 20260527    14:16:32       0      0     13      0      0      0      0    405    210      0      0 
 20260527    14:16:33       0      1     14      0      0      0      0    405    210      0      1 
 20260527    14:16:34       0      0     13      0      0      0      0    405    210      0      0 
 20260527    14:16:35       0      3     13      0      0      0      0    405    210      1      0 
 20260527    14:16:36       0      0     13      0      0      0      0    405    210      0      0 
 20260527    14:16:37       0      0     13      0      0      0      0    405    210      0      1 
 20260527    14:16:38       0      0     13      0      0      0      0    405    210    251      5 
 20260527    14:16:39       0      3     13      0      0      0      0    405    210      1      0 
 20260527    14:16:40       0      0     13      0      0      0      0    405    210      3      0 
 20260527    14:16:41       0      0     13      0      0      0      0    405    210      0      0 
 20260527    14:16:42       0      4     13      0      0      0      0    405    210      0      1 
 20260527    14:16:43       0      0     13      0      0      0      0    405    210      0      0 
 20260527    14:16:45       0      0     13      0      0      0      0    405    210      3      0 
 20260527    14:16:46       0      0     13      0      0      0      0    405    210      0      0 
 20260527    14:16:47       0      3     13      0      0      0      0    405    210      1      0 
 20260527    14:16:48       0      1     13      0      0      0      0    405    210      0      0 
 20260527    14:16:49       0      0     13      0      0      0      0    405    210      0      0 
 20260527    14:16:50       0      0     13      0      0      0      0    405    210    277     19 
 20260527    14:16:51       0      3     14      0      0      0      0    405    210      0      0 
#Date        Time         gpu     sm    mem    enc    dec    jpg    ofa   mclk   pclk  rxpci  txpci 
#YYYYMMDD    HH:MM:SS     Idx      %      %      %      %      %      %    MHz    MHz   MB/s   MB/s 
 20260527    14:16:52       0      1     14      0      0      0      0    405    210      0      2 
 20260527    14:16:53       0      0     14      0      0      0      0    405    210      0      0 
 20260527    14:16:54       0      0     14      0      0      0      0    405    210      3      1 
 20260527    14:16:55       0      3     14      0      0      0      0    405    210      0      1 
 20260527    14:16:56       0      0     14      0      0      0      0    405    210      0      0 
 20260527    14:16:57       0      1     14      0      0      0      0    405    210      3      0 
 20260527    14:16:59       0      3     13      0      0      0      0    405    210      1      0 
 20260527    14:17:00       0      0     13      0      0      0      0    405    210      0      7 
 20260527    14:17:01       0      1      9      0      0      0      0    405    210      1      1 
 20260527    14:17:02       0      1     10      0      0      0      0    405    210      0      3 
 20260527    14:17:03       0      3     10      0      0      0      0    405    210      1      0 
 20260527    14:17:04       0      0     11      0      0      0      0    405    210      0      0 
 20260527    14:17:05       0      0     11      0      0      0      0    405    210      0      0 
 20260527    14:17:06       0      0     11      0      0      0      0    405    210      0      0 
 20260527    14:17:07       0      4     11      0      0      0      0    405    210     13      0 
 20260527    14:17:08       0      0     12      0      0      0      0    405    210      0      0 
 20260527    14:17:09       0      0     12      0      0      0      0    405    210      1      1 
 20260527    14:17:10       0      0     13      0      0      0      0    405    210      6      0 
 20260527    14:17:11       0      0     13      0      0      0      0    405    210    111      0 
 20260527    14:17:12       0      1     13      0      0      0      0    405    210      0      0 
 20260527    14:17:13       0      0     13      0      0      0      0    405    210      0      2 
 20260527    14:17:15       0      3     14      0      0      0      0    405    210      0      0 
 20260527    14:17:16       0      0     13      0      0      0      0    405    210      0      0 
 20260527    14:17:17       0      1     14      0      0      0      0    405    210      3      0 
 20260527    14:17:18       0      0     14      0      0      0      0    405    210      0      0 
 20260527    14:17:19       0      3     13      0      0      0      0    405    210      1      0 
 20260527    14:17:20       0      1     13      0      0      0      0    405    210      0      0 
 20260527    14:17:21       0      0     13      0      0      0      0    405    210      0      0 
 20260527    14:17:22       0      0     13      0      0      0      0    405    210      3      5 
 20260527    14:17:23       0      2     13      0      0      0      0    405    210      2      0 
 20260527    14:17:24       0      0     13      0      0      0      0    405    210      0      0 
 20260527    14:17:25       0      0     13      0      0      0      0    405    210      0      1 
 20260527    14:17:26       0      4     13      0      0      0      0    405    210      0      0 
 20260527    14:17:27       0      1     13      0      0      0      0    405    210      0      0 
 20260527    14:17:28       0      0     13      0      0      0      0    405    210      0      0 
 20260527    14:17:30       0      1     13      0      0      0      0    405    210      0      0 
 20260527    14:17:31       0      3     13      0      0      0      0    405    210      0      2 
 20260527    14:17:32       0      1     13      0      0      0      0    405    210      3      0 
 20260527    14:17:33       0      1     13      0      0      0      0    405    210    179      1 
 20260527    14:17:34       0      0     13      0      0      0      0    405    210      0      0 
 20260527    14:17:35       0      3     14      0      0      0      0    405    210      1      0 
 20260527    14:17:36       0      1     14      0      0      0      0    405    210      0      0 
 20260527    14:17:37       0      0     14      0      0      0      0    405    210      0      0 
 20260527    14:17:38       0      0     14      0      0      0      0    405    210     14      2 
#Date        Time         gpu     sm    mem    enc    dec    jpg    ofa   mclk   pclk  rxpci  txpci 
#YYYYMMDD    HH:MM:SS     Idx      %      %      %      %      %      %    MHz    MHz   MB/s   MB/s 
 20260527    14:17:39       0      4     14      0      0      0      0    405    210      4      0 
 20260527    14:17:40       0      0     14      0      0      0      0    405    210      1      0 
 20260527    14:17:41       0      0     13      0      0      0      0    405    210      0      0 
 20260527    14:17:42       0      3     13      0      0      0      0    405    210      1      0 
 20260527    14:17:43       0      1     13      0      0      0      0    405    210      0      0 
 20260527    14:17:45       0      0     13      0      0      0      0    405    210    173     24 
 20260527    14:17:46       0      1     13      0      0      0      0    405    210      0      0 
 20260527    14:17:47       0      3     13      0      0      0      0    405    210      1      0 
 20260527    14:17:48       0      1     13      0      0      0      0    405    210      0      0 
 20260527    14:17:49       0      1     13      0      0      0      0    405    210      0      2 
 20260527    14:17:50       0      0     13      0      0      0      0    405    210      0      0 
 20260527    14:17:51       0      2     13      0      0      0      0    405    210      0      0 
 20260527    14:17:52       0      0     13      0      0      0      0    405    210      0      0 
 20260527    14:17:53       0      0     13      0      0      0      0    405    210     11      0 
 20260527    14:17:54       0      0     13      0      0      0      0    405    210      9      1 
 20260527    14:17:55       0      4     13      0      0      0      0    405    210      0      0 
 20260527    14:17:56       0      0     13      0      0      0      0    405    210      0      0 
 20260527    14:17:57       0      0     14      0      0      0      0    405    210      0      0 
 20260527    14:17:58       0      4     14      0      0      0      0    405    210      0      0 
 20260527    14:17:59       0      1     14      0      0      0      0    405    210      0      0 
 20260527    14:18:01       0      0      0      0      0      0      0  10251   2520      3      0 
 20260527    14:18:02       0      0      0      0      0      0      0  10251   2520      0      0 
 20260527    14:18:03       0      0      0      0      0      0      0  10251   2520      1      0 
 20260527    14:18:04       0      0      0      0      0      0      0  10251   2520      0      0 
 20260527    14:18:05       0      0      5      0      0      0      0    810    300      0      0 
 20260527    14:18:06       0      0     10      0      0      0      0    405    210      6     19 
 20260527    14:18:07       0      2     10      0      0      0      0    405    210      4      0 
 20260527    14:18:08       0      0     10      0      0      0      0    405    210      0      2 
 20260527    14:18:09       0      0     10      0      0      0      0    405    210      0      0 
 20260527    14:18:10       0      0     10      0      0      0      0    405    210      0      0 
 20260527    14:18:11       0      3     10      0      0      0      0    405    210      2      2 
 20260527    14:18:12       0      0     12      0      0      0      0    405    210      0      0 
 20260527    14:18:13       0      1     12      0      0      0      0    405    210      0      0 
 20260527    14:18:14       0      3     12      0      0      0      0    405    210      1      0 
 20260527    14:18:16       0      1     12      0      0      0      0    405    210    234     23 
 20260527    14:18:17       0      1     12      0      0      0      0    405    210      0      0 
 20260527    14:18:18       0      0     12      0      0      0      0    405    210      0      0 
 20260527    14:18:19       0      3     13      0      0      0      0    405    210      1      0 
 20260527    14:18:20       0      1     13      0      0      0      0    405    210      0      0 
 20260527    14:18:21       0      0     13      0      0      0      0    405    210      0      0 
 20260527    14:18:22       0      0     13      0      0      0      0    405    210      0      0 
 20260527    14:18:23       0      3     13      0      0      0      0    405    210      0      0 
 20260527    14:18:24       0      0     13      0      0      0      0    405    210     11      2 
 20260527    14:18:25       0      0     13      0      0      0      0    405    210     10      0 
#Date        Time         gpu     sm    mem    enc    dec    jpg    ofa   mclk   pclk  rxpci  txpci 
#YYYYMMDD    HH:MM:SS     Idx      %      %      %      %      %      %    MHz    MHz   MB/s   MB/s 
 20260527    14:18:26       0      0     12      0      0      0      0    405    210      1      0 
 20260527    14:18:27       0      2     12      0      0      0      0    405    210      2      0 
 20260527    14:18:28       0      1     12      0      0      0      0    405    210      0      0 
 20260527    14:18:29       0      0     12      0      0      0      0    405    210      0      0 
 20260527    14:18:30       0      3     12      0      0      0      0    405    210      1      0 
 20260527    14:18:32       0      1     12      0      0      0      0    405    210      0      0 
 20260527    14:18:33       0      1     12      0      0      0      0    405    210      0      0 
 20260527    14:18:34       0      0     12      0      0      0      0    405    210      0      0 
 20260527    14:18:35       0      3     12      0      0      0      0    405    210      2      0 
 20260527    14:18:36       0      0     12      0      0      0      0    405    210      0      0 
 20260527    14:18:37       0      0     12      0      0      0      0    405    210      6     22 
 20260527    14:18:38       0      0     12      0      0      0      0    405    210      0      0 
 20260527    14:18:39       0      4     13      0      0      0      0    405    210      0      5 
 20260527    14:18:40       0      0     13      0      0      0      0    405    210      0      0 
 20260527    14:18:41       0      0     13      0      0      0      0    405    210      0      0 
 20260527    14:18:42       0      0     13      0      0      0      0    405    210     10      3 
 20260527    14:18:43       0      1     13      0      0      0      0    405    210      0      0 
 20260527    14:18:44       0      1     13      0      0      0      0    405    210      0      0 
 20260527    14:18:45       0      0     13      0      0      0      0    405    210      0      0 
 20260527    14:18:47       0      3     13      0      0      0      0    405    210      0      0 
 20260527    14:18:48       0      1     13      0      0      0      0    405    210      5      1 
 20260527    14:18:49       0      1     13      0      0      0      0    405    210      0      3 
 20260527    14:18:50       0      0     13      0      0      0      0    405    210      0      1 
 20260527    14:18:51       0      3     12      0      0      0      0    405    210      1      0 
 20260527    14:18:52       0      0     12      0      0      0      0    405    210      0      0 
 20260527    14:18:53       0      0     12      0      0      0      0    405    210      0      0 
 20260527    14:18:54       0      1     12      0      0      0      0    405    210     11      0 
 20260527    14:18:55       0      0      1      0      0      0      0  10251   2520      0      0 
 20260527    14:18:56       0      0      1      0      0      0      0  10251   2520     68      0 
 20260527    14:18:57       0      6      1      0      0      0      0  10251   2520     67      4 
 20260527    14:18:58       0      4      1      0      0      0      0  10251   2520     38     12 
 20260527    14:18:59       0      3      1      0      0      0      0  10251   2520     34      2 
 20260527    14:19:00       0      6      0      0      0      0      0  10251   2520      4     35 
 20260527    14:19:02       0      7      5      0      0      0      0    810    630     71      0 
 20260527    14:19:03       0     19     13      0      0      0      0    405    465     37     20 
 20260527    14:19:04       0     21     12      0      0      0      0    405    345      0      0 
 20260527    14:19:05       0     13     13      0      0      0      0    405    255      0     45 
 20260527    14:19:06       0     27     12      0      0      0      0    405    210      0     52 
 20260527    14:19:07       0     30     13      0      0      0      0    405    210      0     53 
 20260527    14:19:08       0     14     14      0      0      0      0    405    210      0      0 
 20260527    14:19:09       0      8     14      0      0      0      0    405    210    156      0 
 20260527    14:19:10       0     27     14      0      0      0      0    405    210     13     15 
 20260527    14:19:11       0     16     14      0      0      0      0    405    210      4      1 
 20260527    14:19:12       0     14     14      0      0      0      0    405    210    276      0 
#Date        Time         gpu     sm    mem    enc    dec    jpg    ofa   mclk   pclk  rxpci  txpci 
#YYYYMMDD    HH:MM:SS     Idx      %      %      %      %      %      %    MHz    MHz   MB/s   MB/s 
 20260527    14:19:13       0     14     14      0      0      0      0    405    210      2     54 
 20260527    14:19:14       0      3     14      0      0      0      0    405    210      1      0 
 20260527    14:19:15       0     14     14      0      0      0      0    405    210    260      3 
 20260527    14:19:17       0     14     14      0      0      0      0    405    210      0     50 
 20260527    14:19:18       0     20     14      0      0      0      0    405    210    292      0 
 20260527    14:19:19       0      8     14      0      0      0      0    405    210      1      0 
 20260527    14:19:20       0     14     14      0      0      0      0    405    210    310      0 
 20260527    14:19:21       0     13     13      0      0      0      0    405    210    271      0 
 20260527    14:19:22       0     14     13      0      0      0      0    405    210    422      0 
 20260527    14:19:23       0     25     13      0      0      0      0    405    210    316      0 
 20260527    14:19:24       0     13     13      0      0      0      0    405    210    220      9 
 20260527    14:19:25       0     13     13      0      0      0      0    405    210     12     52 
 20260527    14:19:26       0     23     13      0      0      0      0    405    210    209      0 
 20260527    14:19:27       0     16     13      0      0      0      0    405    210    287      0 
 20260527    14:19:28       0     27     13      0      0      0      0    405    210    294      3 
 20260527    14:19:29       0     13     13      0      0      0      0    405    210      2    109 
 20260527    14:19:30       0     16     14      0      0      0      0    405    210      1     77 
 20260527    14:19:31       0     14     14      0      0      0      0    405    210      0     45 
 20260527    14:19:33       0     13     14      0      0      0      0    405    210      0      0 
 20260527    14:19:34       0     14     14      0      0      0      0    405    210    153     63 
 20260527    14:19:35       0     30     15      0      0      0      0    405    210    395     58 
 20260527    14:19:36       0     20     14      0      0      0      0    405    210      0     53 
 20260527    14:19:37       0     22     14      0      0      0      0    405    210    222      0 
 20260527    14:19:38       0     27     14      0      0      0      0    405    210    297      0 
 20260527    14:19:39       0     16     14      0      0      0      0    405    210     21     47 
 20260527    14:19:40       0     13     14      0      0      0      0    405    210     11     50 
 20260527    14:19:41       0     15     14      0      0      0      0    405    210      0     43 
 20260527    14:19:42       0     26     14      0      0      0      0    405    210    280      0 
 20260527    14:19:43       0     23     13      0      0      0      0    405    210    280      2 
 20260527    14:19:44       0      0     13      0      0      0      0    405    210      3      0 
 20260527    14:19:45       0      0     13      0      0      0      0    405    210      5     12 
 20260527    14:19:47       0      3     14      0      0      0      0    405    210      0      0 
 20260527    14:19:48       0      1     13      0      0      0      0    405    210      0      0 
 20260527    14:19:49       0      0     13      0      0      0      0    405    210      0      0 
 20260527    14:19:50       0      0     13      0      0      0      0    405    210      0      0 
 20260527    14:19:51       0      2     14      0      0      0      0    405    210      1      4 
 20260527    14:19:52       0      0     13      0      0      0      0    405    210      0      0 
 20260527    14:19:53       0      1     14      0      0      0      0    405    210      0      0 
 20260527    14:19:54       0      0     14      0      0      0      0    405    210      0      0 
 20260527    14:19:55       0      3     14      0      0      0      0    405    210      5      2 
 20260527    14:19:56       0      0     14      0      0      0      0    405    210      0      4 
 20260527    14:19:57       0      1     15      0      0      0      0    405    210      0      0 
 20260527    14:19:58       0      0     14      0      0      0      0    405    210      1      3 
 20260527    14:19:59       0      0     14      0      0      0      0    405    210      2      0 
#Date        Time         gpu     sm    mem    enc    dec    jpg    ofa   mclk   pclk  rxpci  txpci 
#YYYYMMDD    HH:MM:SS     Idx      %      %      %      %      %      %    MHz    MHz   MB/s   MB/s 
 20260527    14:20:00       0      0      9      0      0      0      0    405    210      0      0 
 20260527    14:20:01       0      0      9      0      0      0      0    405    210      0      0 
 20260527    14:20:03       0      4     10      0      0      0      0    405    210      0      0 
 20260527    14:20:04       0      0     10      0      0      0      0    405    210      0      0 
 20260527    14:20:05       0      0     10      0      0      0      0    405    210      0      0 
 20260527    14:20:06       0      0     10      0      0      0      0    405    210      0      0 
 20260527    14:20:07       0      4     10      0      0      0      0    405    210      5     25 
 20260527    14:20:08       0      0     10      0      0      0      0    405    210      0      2 
 20260527    14:20:09       0      0     10      0      0      0      0    405    210      0      0 
 20260527    14:20:10       0      0     10      0      0      0      0    405    210      0      0 
 20260527    14:20:11       0      3     10      0      0      0      0    405    210      0      1 
 20260527    14:20:12       0      1     10      0      0      0      0    405    210      0      0 
 20260527    14:20:13       0      0     10      0      0      0      0    405    210      0      0 
 20260527    14:20:14       0      0     11      0      0      0      0    405    210      4      2 
 20260527    14:20:15       0      0     11      0      0      0      0    405    210      0      0 
 20260527    14:20:16       0      0     11      0      0      0      0    405    210    250     21 
 20260527    14:20:17       0      0     11      0      0      0      0    405    210      0      0 
 20260527    14:20:19       0      4     12      0      0      0      0    405    210      0      0 
 20260527    14:20:20       0      0     12      0      0      0      0    405    210      0      0 
 20260527    14:20:21       0      0     12      0      0      0      0    405    210      0      0 
 20260527    14:20:22       0      0     12      0      0      0      0    405    210      0      0 
 20260527    14:20:23       0      3     12      0      0      0      0    405    210      1      0 
 20260527    14:20:24       0      1     12      0      0      0      0    405    210      0      0 
 20260527    14:20:25       0      0     12      0      0      0      0    405    210      0      2 
 20260527    14:20:26       0      0     12      0      0      0      0    405    210    279     16 
 20260527    14:20:27       0      3     11      0      0      0      0    405    210      2      0 
 20260527    14:20:28       0      0     11      0      0      0      0    405    210      0      0 
 20260527    14:20:29       0      0     11      0      0      0      0    405    210      0      0 
 20260527    14:20:30       0      4     12      0      0      0      0    405    210      0      2 
 20260527    14:20:31       0      0     11      0      0      0      0    405    210      0      0 
 20260527    14:20:32       0      1     12      0      0      0      0    405    210      0      0 
 20260527    14:20:34       0      0     11      0      0      0      0    405    210      0      0 
 20260527    14:20:35       0      3     12      0      0      0      0    405    210      1      1 
 20260527    14:20:36       0      0     11      0      0      0      0    405    210      0      0 
 20260527    14:20:37       0      1     12      0      0      0      0    405    210      0      0 
 20260527    14:20:38       0      0     12      0      0      0      0    405    210      0      0 
 20260527    14:20:39       0      3     12      0      0      0      0    405    210      0      0 
 20260527    14:20:40       0      0     12      0      0      0      0    405    210      0      0 
 20260527    14:20:41       0      0     12      0      0      0      0    405    210      0      1 
 20260527    14:20:42       0      0     12      0      0      0      0    405    210     13      2 
 20260527    14:20:43       0      3     12      0      0      0      0    405    210      0      2 
 20260527    14:20:44       0      0     12      0      0      0      0    405    210      0      0 
 20260527    14:20:45       0      0     12      0      0      0      0    405    210      3      1 
 20260527    14:20:46       0      2     12      0      0      0      0    405    210      2      4 
#Date        Time         gpu     sm    mem    enc    dec    jpg    ofa   mclk   pclk  rxpci  txpci 
#YYYYMMDD    HH:MM:SS     Idx      %      %      %      %      %      %    MHz    MHz   MB/s   MB/s 
 20260527    14:20:47       0      0     12      0      0      0      0    405    210      0      0 
 20260527    14:20:48       0      1     12      0      0      0      0    405    210      0      0 
 20260527    14:20:50       0      0     12      0      0      0      0    405    210      0      0 
 20260527    14:20:51       0      2     12      0      0      0      0    405    210      0      0 
 20260527    14:20:52       0      1     12      0      0      0      0    405    210      0      0 
 20260527    14:20:53       0      0     12      0      0      0      0    405    210      0      1 
 20260527    14:20:54       0      0     12      0      0      0      0    405    210      0      0 
 20260527    14:20:55       0      3     12      0      0      0      0    405    210      0      0 
 20260527    14:20:56       0      0     12      0      0      0      0    405    210      0      0 
 20260527    14:20:57       0      0     12      0      0      0      0    405    210    262      7 
 20260527    14:20:58       0      1     12      0      0      0      0    405    210      8      0 
 20260527    14:20:59       0      3     12      0      0      0      0    405    210      0      0 
 20260527    14:21:00       0     18     11      0      0      0      0    405    210      0      0 
 20260527    14:21:01       0      2     10      0      0      0      0    405    210      3      1 
 20260527    14:21:02       0      3     11      0      0      0      0    405    210      2      1 
 20260527    14:21:03       0      0     11      0      0      0      0    405    210      0      0 
 20260527    14:21:05       0      0     11      0      0      0      0    405    210      0      0 
 20260527    14:21:06       0      0     11      0      0      0      0    405    210      0      0 
 20260527    14:21:07       0      3     11      0      0      0      0    405    210      5      0 
 20260527    14:21:08       0      1     11      0      0      0      0    405    210      0      3 
 20260527    14:21:09       0      0     11      0      0      0      0    405    210      0      0 
 20260527    14:21:10       0      0     11      0      0      0      0    405    210      0      0 
 20260527    14:21:11       0      3     11      0      0      0      0    405    210      0      0 
 20260527    14:21:12       0      0     11      0      0      0      0    405    210      0      2 
 20260527    14:21:13       0      0     11      0      0      0      0    405    210      0      0 
 20260527    14:21:14       0      0     11      0      0      0      0    405    210      1      0 
 20260527    14:21:15       0      3     11      0      0      0      0    405    210      0      0 
 20260527    14:21:16       0      0     11      0      0      0      0    405    210      0      0 
 20260527    14:21:17       0      1     11      0      0      0      0    405    210      0      2 
 20260527    14:21:18       0      3     11      0      0      0      0    405    210    215      7 
 20260527    14:21:20       0      0     11      0      0      0      0    405    210      0      0 
 20260527    14:21:21       0      1     12      0      0      0      0    405    210      0      0 
 20260527    14:21:22       0      0     12      0      0      0      0    405    210      0      0 
 20260527    14:21:23       0      3     12      0      0      0      0    405    210      1      0 
 20260527    14:21:24       0      0     12      0      0      0      0    405    210      0      1 
 20260527    14:21:25       0      0     12      0      0      0      0    405    210      0      0 
 20260527    14:21:26       0      1     13      0      0      0      0    405    210      0      0 
 20260527    14:21:27       0      3     13      0      0      0      0    405    210      0      0 
 20260527    14:21:28       0      0     13      0      0      0      0    405    210      0      1 
 20260527    14:21:29       0      1     13      0      0      0      0    405    210      0      0 
 20260527    14:21:30       0      0     12      0      0      0      0    405    210      0      2 
 20260527    14:21:31       0      3     12      0      0      0      0    405    210      0      0 
 20260527    14:21:32       0      1     12      0      0      0      0    405    210      0      1 
 20260527    14:21:33       0      0     12      0      0      0      0    405    210      0      0 
#Date        Time         gpu     sm    mem    enc    dec    jpg    ofa   mclk   pclk  rxpci  txpci 
#YYYYMMDD    HH:MM:SS     Idx      %      %      %      %      %      %    MHz    MHz   MB/s   MB/s 
 20260527    14:21:35       0      3     12      0      0      0      0    405    210      1      0 
 20260527    14:21:36       0      0     12      0      0      0      0    405    210      3      0 
 20260527    14:21:37       0      1     12      0      0      0      0    405    210      0      0 
 20260527    14:21:38       0      0     12      0      0      0      0    405    210      0      0 
 20260527    14:21:39       0      4     12      0      0      0      0    405    210      6      1 
 20260527    14:21:40       0      0     12      0      0      0      0    405    210      0      0 
 20260527    14:21:41       0      0     12      0      0      0      0    405    210      0      0 
 20260527    14:21:42       0      1     12      0      0      0      0    405    210      0      0 
 20260527    14:21:43       0      3     12      0      0      0      0    405    210     13      0 
 20260527    14:21:44       0      0     12      0      0      0      0    405    210      0      0 
 20260527    14:21:45       0      0     12      0      0      0      0    405    210      0      0 
 20260527    14:21:46       0      0     13      0      0      0      0    405    210      1      1 
 20260527    14:21:47       0      0     13      0      0      0      0    405    210      0      0 
 20260527    14:21:48       0      1     13      0      0      0      0    405    210      3      0 
 20260527    14:21:49       0      0     13      0      0      0      0    405    210      5     12 
 20260527    14:21:51       0      3     13      0      0      0      0    405    210      1      0 
 20260527    14:21:52       0      0     13      0      0      0      0    405    210      0      0 
 20260527    14:21:53       0      1     13      0      0      0      0    405    210      3      0 
 20260527    14:21:54       0      1     12      0      0      0      0    405    210      0      0 
 20260527    14:21:55       0      2     12      0      0      0      0    405    210      1      2 
 20260527    14:21:56       0      0     12      0      0      0      0    405    210      0      0 
 20260527    14:21:57       0      0     12      0      0      0      0    405    210      0      0 
 20260527    14:21:58       0      0     12      0      0      0      0    405    210      0      0 
 20260527    14:21:59       0      2     12      0      0      0      0    405    210     80      1 
 20260527    14:22:00       0     17     10      0      0      0      0    405    210      0      0 
 20260527    14:22:01       0      0      8      0      0      0      0    405    210      0      0 
 20260527    14:22:02       0      0      9      0      0      0      0    405    210      5      2 
 20260527    14:22:03       0      1     10      0      0      0      0    405    210      0      0 
 20260527    14:22:04       0      0     10      0      0      0      0    405    210      4      0 
 20260527    14:22:06       0      0     11      0      0      0      0    405    210      0      0 
 20260527    14:22:07       0      3     11      0      0      0      0    405    210      1      0 
 20260527    14:22:08       0      0     11      0      0      0      0    405    210      0      0 
 20260527    14:22:09       0      0     12      0      0      0      0    405    210     11      0 
 20260527    14:22:10       0      1     12      0      0      0      0    405    210      4      5 
 20260527    14:22:11       0      3     12      0      0      0      0    405    210      0      0 
 20260527    14:22:12       0      0     13      0      0      0      0    405    210      0      0 
 20260527    14:22:13       0      1     13      0      0      0      0    405    210      0      0 
 20260527    14:22:14       0      0     13      0      0      0      0    405    210      0      2 
 20260527    14:22:15       0      3     13      0      0      0      0    405    210      5      0 
 20260527    14:22:16       0      0     13      0      0      0      0    405    210      0      0 
 20260527    14:22:17       0      0     12      0      0      0      0    405    210      0      0 
 20260527    14:22:18       0      0     12      0      0      0      0    405    210      2      0 
 20260527    14:22:19       0      0     12      0      0      0      0    405    210      0      1 
 20260527    14:22:20       0      0     12      0      0      0      0    405    210    258     19 
#Date        Time         gpu     sm    mem    enc    dec    jpg    ofa   mclk   pclk  rxpci  txpci 
#YYYYMMDD    HH:MM:SS     Idx      %      %      %      %      %      %    MHz    MHz   MB/s   MB/s 
 20260527    14:22:22       0      1     12      0      0      0      0    405    210      0      0 
 20260527    14:22:23       0      3     12      0      0      0      0    405    210      4      0 
 20260527    14:22:24       0      0     12      0      0      0      0    405    210      0      0 
 20260527    14:22:25       0      1     12      0      0      0      0    405    210      0      0 
 20260527    14:22:26       0      0     12      0      0      0      0    405    210      0      0 
 20260527    14:22:27       0      3     12      0      0      0      0    405    210      1      2 
 20260527    14:22:28       0      0     12      0      0      0      0    405    210      0      0 
 20260527    14:22:29       0      0     13      0      0      0      0    405    210      0      5 
 20260527    14:22:30       0      0     13      0      0      0      0    405    210     38      0 
 20260527    14:22:31       0      4     13      0      0      0      0    405    210      0      0 
 20260527    14:22:32       0      0     13      0      0      0      0    405    210      0      0 
 20260527    14:22:33       0      0     13      0      0      0      0    405    210      0      0 
 20260527    14:22:34       0      3     14      0      0      0      0    405    210      1      1 
 20260527    14:22:35       0      0     13      0      0      0      0    405    210      4      0 
 20260527    14:22:37       0      0     13      0      0      0      0    405    210      0      0 
 20260527    14:22:38       0      1     13      0      0      0      0    405    210      0      0 
 20260527    14:22:39       0      2     13      0      0      0      0    405    210      1      0 
 20260527    14:22:40       0      0     12      0      0      0      0    405    210      4      0 
 20260527    14:22:41       0      1     13      0      0      0      0    405    210      0      1 
 20260527    14:22:42       0      0     12      0      0      0      0    405    210      0      0 
 20260527    14:22:43       0      4     12      0      0      0      0    405    210      1      0 
 20260527    14:22:44       0      0     12      0      0      0      0    405    210      0      0 
 20260527    14:22:45       0      0     12      0      0      0      0    405    210      3      2 
 20260527    14:22:46       0      0     12      0      0      0      0    405    210     11      0 
 20260527    14:22:47       0      2     12      0      0      0      0    405    210      0      0 
 20260527    14:22:48       0      0     12      0      0      0      0    405    210      0      0 
 20260527    14:22:49       0      0     12      0      0      0      0    405    210      0      1 
 20260527    14:22:50       0      3     12      0      0      0      0    405    210      4      1 
 20260527    14:22:51       0      0     12      0      0      0      0    405    210      1      1 
 20260527    14:22:53       0      0     12      0      0      0      0    405    210      0      0 
 20260527    14:22:54       0      0     12      0      0      0      0    405    210      0      0 
 20260527    14:22:55       0      2     12      0      0      0      0    405    210      4      0 
 20260527    14:22:56       0      0     12      0      0      0      0    405    210      3      0 
 20260527    14:22:57       0      0     12      0      0      0      0    405    210      0      1 
 20260527    14:22:58       0      0     12      0      0      0      0    405    210      0      0 
 20260527    14:22:59       0      3     12      0      0      0      0    405    210      0      0 
 20260527    14:23:00       0      2      0      0      0      0      0  10251   2520      0      0 
 20260527    14:23:01       0      0      0      0      0      0      0  10251   2520     16     29 
 20260527    14:23:02       0      0      0      0      0      0      0  10251   2520      8      3 
 20260527    14:23:03       0      0      0      0      0      0      0  10251   2520      0      0 
 20260527    14:23:04       0      0      5      0      0      0      0    810    450      0      0 
 20260527    14:23:05       0      1      5      0      0      0      0    810    285      0      0 
 20260527    14:23:06       0      3     10      0      0      0      0    405    210      1      1 
 20260527    14:23:07       0      0     10      0      0      0      0    405    210      0      0 
#Date        Time         gpu     sm    mem    enc    dec    jpg    ofa   mclk   pclk  rxpci  txpci 
#YYYYMMDD    HH:MM:SS     Idx      %      %      %      %      %      %    MHz    MHz   MB/s   MB/s 
 20260527    14:23:09       0      0     10      0      0      0      0    405    210      0      0 
 20260527    14:23:10       0      0     10      0      0      0      0    405    210      0      0 
 20260527    14:23:11       0      3     10      0      0      0      0    405    210      0      0 
 20260527    14:23:12       0      1     10      0      0      0      0    405    210      0      0 
 20260527    14:23:13       0      0     10      0      0      0      0    405    210      0      0 
 20260527    14:23:14       0      0     10      0      0      0      0    405    210      0      0 
 20260527    14:23:15       0      3     10      0      0      0      0    405    210      0      0 
 20260527    14:23:16       0      0     10      0      0      0      0    405    210      0      1 
 20260527    14:23:17       0      0     10      0      0      0      0    405    210      3      0 
 20260527    14:23:18       0      0     10      0      0      0      0    405    210      1      0 
 20260527    14:23:19       0      3     10      0      0      0      0    405    210      0      2 
 20260527    14:23:20       0      0     10      0      0      0      0    405    210      0      0 
 20260527    14:23:21       0      0     10      0      0      0      0    405    210      0      0 
 20260527    14:23:22       0      3     11      0      0      0      0    405    210    155     26 
 20260527    14:23:24       0      0     11      0      0      0      0    405    210      0      0 
 20260527    14:23:25       0      1     11      0      0      0      0    405    210      0      0 
 20260527    14:23:26       0      0     11      0      0      0      0    405    210      0      0 
 20260527    14:23:27       0      3     11      0      0      0      0    405    210      1      0 
 20260527    14:23:28       0      0     11      0      0      0      0    405    210      0      0 
 20260527    14:23:29       0      0     11      0      0      0      0    405    210      0      0 
 20260527    14:23:30       0      1     11      0      0      0      0    405    210      0      0 
 20260527    14:23:31       0      3     11      0      0      0      0    405    210      0      0 
 20260527    14:23:32       0      0     10      0      0      0      0    405    210     43      0 
 20260527    14:23:33       0      0     10      0      0      0      0    405    210      0      0 
 20260527    14:23:34       0      1     11      0      0      0      0    405    210      1      0 
 20260527    14:23:35       0      2     11      0      0      0      0    405    210      0      1 
 20260527    14:23:36       0      1     11      0      0      0      0    405    210      0      2 
 20260527    14:23:37       0      0     11      0      0      0      0    405    210      0      2 
 20260527    14:23:39       0      3     11      0      0      0      0    405    210      1      0 
 20260527    14:23:40       0      0     11      0      0      0      0    405    210      0      0 
 20260527    14:23:41       0      0     11      0      0      0      0    405    210      0      0 
 20260527    14:23:42       0      0     11      0      0      0      0    405    210      0      1 
 20260527    14:23:43       0      4     11      0      0      0      0    405    210      1      0 
 20260527    14:23:44       0      0     11      0      0      0      0    405    210      0      0 
 20260527    14:23:45       0      0     11      0      0      0      0    405    210      0      0 
 20260527    14:23:46       0      1     12      0      0      0      0    405    210      0      0 
 20260527    14:23:47       0      3     12      0      0      0      0    405    210      0      2 
 20260527    14:23:48       0      0     12      0      0      0      0    405    210      0      1 
 20260527    14:23:49       0      0     12      0      0      0      0    405    210      0      0 
 20260527    14:23:50       0      0     12      0      0      0      0    405    210      1      2 
 20260527    14:23:51       0      3     12      0      0      0      0    405    210      0      0 
 20260527    14:23:52       0      0     11      0      0      0      0    405    210      4      0 
 20260527    14:23:53       0      0     11      0      0      0      0    405    210      1     10 
 20260527    14:23:55       0      3     11      0      0      0      0    405    210      1      0 
#Date        Time         gpu     sm    mem    enc    dec    jpg    ofa   mclk   pclk  rxpci  txpci 
#YYYYMMDD    HH:MM:SS     Idx      %      %      %      %      %      %    MHz    MHz   MB/s   MB/s 
 20260527    14:23:56       0      1     11      0      0      0      0    405    210      0      0 
 20260527    14:23:57       0      0     11      0      0      0      0    405    210      0      0 
 20260527    14:23:58       0      0     11      0      0      0      0    405    210      0      0 
 20260527    14:23:59       0      2     11      0      0      0      0    405    210      1      0 
 20260527    14:24:00       0     21     12      0      0      0      0    405    210     10      3 
 20260527    14:24:01       0      1      9      0      0      0      0    405    210      0      0 
 20260527    14:24:02       0      0      9      0      0      0      0    405    210      0      4 
 20260527    14:24:03       0      2     10      0      0      0      0    405    210    206      5 
 20260527    14:24:04       0      1     10      0      0      0      0    405    210      0      0 
 20260527    14:24:05       0      0     11      0      0      0      0    405    210      0      0 
 20260527    14:24:06       0      0     11      0      0      0      0    405    210      2      0 
 20260527    14:24:07       0      1     12      0      0      0      0    405    210      0      0 
 20260527    14:24:08       0      0     11      0      0      0      0    405    210      5      0 
 20260527    14:24:10       0      0     11      0      0      0      0    405    210      0      1 
 20260527    14:24:11       0      3     12      0      0      0      0    405    210      4      0 
 20260527    14:24:12       0      0     12      0      0      0      0    405    210      0      0 
 20260527    14:24:13       0      0     12      0      0      0      0    405    210      0      0 
 20260527    14:24:14       0      1     11      0      0      0      0    405    210      5      1 
 20260527    14:24:15       0      3     11      0      0      0      0    405    210      1      0 
 20260527    14:24:16       0      0     11      0      0      0      0    405    210      0      0 
 20260527    14:24:17       0      1     11      0      0      0      0    405    210      0      4 
 20260527    14:24:18       0      0     11      0      0      0      0    405    210      0      3 
 20260527    14:24:19       0      3     11      0      0      0      0    405    210      3      0 
 20260527    14:24:20       0      0     11      0      0      0      0    405    210      0      0 
 20260527    14:24:21       0      0     12      0      0      0      0    405    210      0      0 
 20260527    14:24:22       0      3     12      0      0      0      0    405    210      1      0 
 20260527    14:24:23       0      0     12      0      0      0      0    405    210      0      2 
 20260527    14:24:25       0      0     12      0      0      0      0    405    210     57     23 
 20260527    14:24:26       0      0     12      0      0      0      0    405    210      0      0 
 20260527    14:24:27       0      3     12      0      0      0      0    405    210      0      3 
 20260527    14:24:28       0      0     12      0      0      0      0    405    210      0      0 
 20260527    14:24:29       0      0     12      0      0      0      0    405    210      0      1 
 20260527    14:24:30       0      0     12      0      0      0      0    405    210      0      1 
 20260527    14:24:31       0      3     13      0      0      0      0    405    210      1      0 
 20260527    14:24:32       0      0     13      0      0      0      0    405    210      0      1 
 20260527    14:24:33       0      0     13      0      0      0      0    405    210      0      0 
 20260527    14:24:34       0      0     13      0      0      0      0    405    210      3      1 
 20260527    14:24:35       0      4     13      0      0      0      0    405    210      0      0 
 20260527    14:24:36       0      0     12      0      0      0      0    405    210      0      0 
 20260527    14:24:37       0      0     12      0      0      0      0    405    210      0      0 
 20260527    14:24:39       0      3     12      0      0      0      0    405    210      3      0 
 20260527    14:24:40       0      0     12      0      0      0      0    405    210      0      0 
 20260527    14:24:41       0      0     12      0      0      0      0    405    210      3      0 
 20260527    14:24:42       0      0     12      0      0      0      0    405    210      0      0 
#Date        Time         gpu     sm    mem    enc    dec    jpg    ofa   mclk   pclk  rxpci  txpci 
#YYYYMMDD    HH:MM:SS     Idx      %      %      %      %      %      %    MHz    MHz   MB/s   MB/s 
 20260527    14:24:43       0      3     12      0      0      0      0    405    210      1      0 
 20260527    14:24:44       0      0     12      0      0      0      0    405    210      0      2 
 20260527    14:24:45       0      0     12      0      0      0      0    405    210      4      0 
 20260527    14:24:46       0      0     12      0      0      0      0    405    210      0      9 
 20260527    14:24:47       0      3     12      0      0      0      0    405    210      0      5 
 20260527    14:24:48       0      0     12      0      0      0      0    405    210      0      0 
 20260527    14:24:49       0      0     12      0      0      0      0    405    210      0      0 
 20260527    14:24:50       0      0     12      0      0      0      0    405    210      1      1 
 20260527    14:24:51       0      3     13      0      0      0      0    405    210      0      0 
 20260527    14:24:52       0      0     13      0      0      0      0    405    210      0      0 
 20260527    14:24:53       0      0     13      0      0      0      0    405    210      0      0 
 20260527    14:24:55       0      3     13      0      0      0      0    405    210      0      0 
 20260527    14:24:56       0      0     13      0      0      0      0    405    210    299     14 
 20260527    14:24:57       0      1     13      0      0      0      0    405    210      0      0 
 20260527    14:24:58       0      0     13      0      0      0      0    405    210      0      0 
 20260527    14:24:59       0      2     13      0      0      0      0    405    210      1      0 
 20260527    14:25:00       0      3      1      0      0      0      0  10251   2520     13      4 
 20260527    14:25:01       0      0      0      0      0      0      0  10251   2520      0      1 
 20260527    14:25:02       0      0      0      0      0      0      0  10251   2520      3      2 
 20260527    14:25:03       0      0      0      0      0      0      0  10251   2520      0      1 
 20260527    14:25:04       0      0      5      0      0      0      0    810    465      0      0 
 20260527    14:25:05       0      0      9      0      0      0      0    405    300      3      0 
 20260527    14:25:06       0      1      9      0      0      0      0    405    210      0      8 
 20260527    14:25:07       0      0      9      0      0      0      0    405    210      0      0 
 20260527    14:25:08       0      0      9      0      0      0      0    405    210      0      0 
 20260527    14:25:10       0      1      9      0      0      0      0    405    210      2      0 
 20260527    14:25:11       0      3      9      0      0      0      0    405    210      0      1 
 20260527    14:25:12       0      0     10      0      0      0      0    405    210      0      0 
 20260527    14:25:13       0      0     10      0      0      0      0    405    210      0      0 
 20260527    14:25:14       0      0     10      0      0      0      0    405    210      0      1 
 20260527    14:25:15       0      4     10      0      0      0      0    405    210      1      0 
 20260527    14:25:16       0      0     10      0      0      0      0    405    210      0      0 
 20260527    14:25:17       0      0     10      0      0      0      0    405    210     57     25 
 20260527    14:25:18       0      1     11      0      0      0      0    405    210      0      3 
 20260527    14:25:19       0      3     10      0      0      0      0    405    210      3      0 
 20260527    14:25:20       0      0     10      0      0      0      0    405    210      0      0 
 20260527    14:25:21       0      1     10      0      0      0      0    405    210      0      1 
 20260527    14:25:22       0      3     10      0      0      0      0    405    210      1      0 
 20260527    14:25:23       0      0     10      0      0      0      0    405    210      0      0 
 20260527    14:25:25       0      1     10      0      0      0      0    405    210      2      1 
 20260527    14:25:26       0      0     10      0      0      0      0    405    210      0      0 
 20260527    14:25:27       0      3     10      0      0      0      0    405    210    100      0 
 20260527    14:25:28       0      1     10      0      0      0      0    405    210      0      0 
 20260527    14:25:29       0      0     10      0      0      0      0    405    210      0      1 
#Date        Time         gpu     sm    mem    enc    dec    jpg    ofa   mclk   pclk  rxpci  txpci 
#YYYYMMDD    HH:MM:SS     Idx      %      %      %      %      %      %    MHz    MHz   MB/s   MB/s 
 20260527    14:25:30       0      0     10      0      0      0      0    405    210      0      0 
 20260527    14:25:31       0      4     10      0      0      0      0    405    210      0      0 
 20260527    14:25:32       0      0     10      0      0      0      0    405    210      3      0 
 20260527    14:25:33       0      0     10      0      0      0      0    405    210     11      0 
 20260527    14:25:34       0      0     10      0      0      0      0    405    210      0      0 
 20260527    14:25:35       0      3     10      0      0      0      0    405    210      0      0 
 20260527    14:25:36       0      0     11      0      0      0      0    405    210      6      2 
 20260527    14:25:37       0      0     11      0      0      0      0    405    210      1      2 
 20260527    14:25:38       0      3     11      0      0      0      0    405    210      1      0 
 20260527    14:25:39       0      1     11      0      0      0      0    405    210      0      0 
 20260527    14:25:41       0      0     11      0      0      0      0    405    210      2      0 
 20260527    14:25:42       0      0     11      0      0      0      0    405    210      0      0 
 20260527    14:25:43       0      3     11      0      0      0      0    405    210      5      0 
 20260527    14:25:44       0      0     11      0      0      0      0    405    210      0      0 
 20260527    14:25:45       0      0     11      0      0      0      0    405    210      0      0 
 20260527    14:25:46       0      0     10      0      0      0      0    405    210      0      0 
 20260527    14:25:47       0      2     11      0      0      0      0    405    210      6      0 
 20260527    14:25:48       0      0     11      0      0      0      0    405    210      0     10 
 20260527    14:25:49       0      1     11      0      0      0      0    405    210      0      0 
 20260527    14:25:50       0      0     11      0      0      0      0    405    210      0      0 
 20260527    14:25:51       0      2     11      0      0      0      0    405    210      0      0 
 20260527    14:25:52       0      1     11      0      0      0      0    405    210      0      1 
 20260527    14:25:53       0      0     11      0      0      0      0    405    210      3      0 
 20260527    14:25:54       0      3     11      0      0      0      0    405    210      1      0 
 20260527    14:25:56       0      0     11      0      0      0      0    405    210      0      1 
 20260527    14:25:57       0      0     11      0      0      0      0    405    210      0      0 
 20260527    14:25:58       0      0     11      0      0      0      0    405    210    289     22 
 20260527    14:25:59       0      3     12      0      0      0      0    405    210      1      0 
 20260527    14:26:00       0      0     11      0      0      0      0    405    210     12      4 
 20260527    14:26:01       0      1      9      0      0      0      0    405    210      0      0 
 20260527    14:26:02       0      0     10      0      0      0      0    405    210      0      0 
 20260527    14:26:03       0      4     11      0      0      0      0    405    210      0      0 
 20260527    14:26:04       0      1     11      0      0      0      0    405    210     11      0 
 20260527    14:26:05       0      0     10      0      0      0      0    405    210      0      0 
 20260527    14:26:06       0      0     10      0      0      0      0    405    210      1      0 
 20260527    14:26:07       0      3     10      0      0      0      0    405    210     71      0 
 20260527    14:26:08       0      0     10      0      0      0      0    405    210      0      0 
 20260527    14:26:09       0      0     10      0      0      0      0    405    210      0      0 
 20260527    14:26:11       0      4     11      0      0      0      0    405    210      4      2 
 20260527    14:26:12       0      0     10      0      0      0      0    405    210      1      0 
 20260527    14:26:13       0      0     10      0      0      0      0    405    210      4      0 
 20260527    14:26:14       0      1     11      0      0      0      0    405    210      0      0 
 20260527    14:26:15       0      3     11      0      0      0      0    405    210      1      0 
 20260527    14:26:16       0      1     12      0      0      0      0    405    210      0      0 
#Date        Time         gpu     sm    mem    enc    dec    jpg    ofa   mclk   pclk  rxpci  txpci 
#YYYYMMDD    HH:MM:SS     Idx      %      %      %      %      %      %    MHz    MHz   MB/s   MB/s 
 20260527    14:26:17       0      0     11      0      0      0      0    405    210      4      0 
 20260527    14:26:18       0      0     11      0      0      0      0    405    210      0      3 
 20260527    14:26:19       0      3     12      0      0      0      0    405    210     13      0 
 20260527    14:26:20       0      0     12      0      0      0      0    405    210      0      0 
 20260527    14:26:21       0      0     12      0      0      0      0    405    210      0      0 
 20260527    14:26:22       0      1     12      0      0      0      0    405    210      4      0 
 20260527    14:26:23       0      0     12      0      0      0      0    405    210      3      0 
 20260527    14:26:24       0      0     12      0      0      0      0    405    210      0      0 
 20260527    14:26:26       0      2     12      0      0      0      0    405    210      0      0 
 20260527    14:26:27       0      2     12      0      0      0      0    405    210      3      0 
 20260527    14:26:28       0      1     12      0      0      0      0    405    210      3      2 
 20260527    14:26:29       0      0     12      0      0      0      0    405    210      0      8 
 20260527    14:26:30       0      0     12      0      0      0      0    405    210      0      0 
 20260527    14:26:31       0      3     12      0      0      0      0    405    210      2      0 
 20260527    14:26:32       0      0     12      0      0      0      0    405    210      0      0 
 20260527    14:26:33       0      0     12      0      0      0      0    405    210      0      0 
 20260527    14:26:34       0      1     12      0      0      0      0    405    210      0      1 
 20260527    14:26:35       0      3     12      0      0      0      0    405    210      0      0 
 20260527    14:26:36       0      0     12      0      0      0      0    405    210      0      0 
 20260527    14:26:37       0      0     12      0      0      0      0    405    210      0      0 
 20260527    14:26:38       0      1     12      0      0      0      0    405    210     85     27 
 20260527    14:26:39       0      0     12      0      0      0      0    405    210      0      0 
 20260527    14:26:40       0      0     12      0      0      0      0    405    210      0      0 
 20260527    14:26:42       0      0     12      0      0      0      0    405    210      0      0 
 20260527    14:26:43       0      3     13      0      0      0      0    405    210      6      0 
 20260527    14:26:44       0      1     13      0      0      0      0    405    210      0      0 
 20260527    14:26:45       0      0     13      0      0      0      0    405    210      3      0 
 20260527    14:26:46       0      0     13      0      0      0      0    405    210      0      1 
 20260527    14:26:47       0      4     13      0      0      0      0    405    210      1      0 
 20260527    14:26:48       0      0     12      0      0      0      0    405    210      0      1 
 20260527    14:26:49       0      0     12      0      0      0      0    405    210      0      0 
 20260527    14:26:50       0      0     12      0      0      0      0    405    210     11      2 
 20260527    14:26:51       0      3     13      0      0      0      0    405    210      0      0 
 20260527    14:26:52       0      0     13      0      0      0      0    405    210      0      0 
 20260527    14:26:53       0      1     13      0      0      0      0    405    210      0      0 
 20260527    14:26:54       0      3     13      0      0      0      0    405    210      5      0 
 20260527    14:26:55       0      0     13      0      0      0      0    405    210      0      0 
 20260527    14:26:57       0      0     13      0      0      0      0    405    210      0      0 
 20260527    14:26:58       0      0     13      0      0      0      0    405    210      2      0 
 20260527    14:26:59       0      2     13      0      0      0      0    405    210      0      0 
 20260527    14:27:00       0      0     12      0      0      0      0    405    210     57     44 
 20260527    14:27:01       0      0      0      0      0      0      0  10251   2520      0      0 
 20260527    14:27:02       0      0      0      0      0      0      0  10251   2520      0      2 
 20260527    14:27:03       0      0      0      0      0      0      0  10251   2520      0      0 
#Date        Time         gpu     sm    mem    enc    dec    jpg    ofa   mclk   pclk  rxpci  txpci 
#YYYYMMDD    HH:MM:SS     Idx      %      %      %      %      %      %    MHz    MHz   MB/s   MB/s 
 20260527    14:27:04       0      0      5      0      0      0      0    810    480      0      0 
 20260527    14:27:05       0      0      5      0      0      0      0    810    300     15      0 
 20260527    14:27:06       0      0     10      0      0      0      0    405    210      9      0 
 20260527    14:27:07       0      3     10      0      0      0      0    405    210      0      0 
 20260527    14:27:08       0      0     10      0      0      0      0    405    210      0      0 
 20260527    14:27:09       0      0     12      0      0      0      0    405    210      0      0 
 20260527    14:27:10       0      3     12      0      0      0      0    405    210      3      1 
 20260527    14:27:11       0      0     12      0      0      0      0    405    210      0      3 
 20260527    14:27:13       0      0     12      0      0      0      0    405    210      0      0 
 20260527    14:27:14       0      1     13      0      0      0      0    405    210      2      0 
 20260527    14:27:15       0      3     13      0      0      0      0    405    210      0      0 
 20260527    14:27:16       0      0     13      0      0      0      0    405    210      0      0 
 20260527    14:27:17       0      0     13      0      0      0      0    405    210      0      1 
 20260527    14:27:18       0      0     13      0      0      0      0    405    210      0      0 
 20260527    14:27:19       0      4     13      0      0      0      0    405    210      0      2 
 20260527    14:27:20       0      0     13      0      0      0      0    405    210      0      0 
 20260527    14:27:21       0      0     13      0      0      0      0    405    210     16      0 
 20260527    14:27:22       0      0      1      0      0      0      0  10251   2520      0      4 
 20260527    14:27:23       0      0      1      0      0      0      0  10251   2520      0      0 
 20260527    14:27:24       0      0      1      0      0      0      0  10251   2520      0      0 
 20260527    14:27:25       0      0      1      0      0      0      0  10251   2520      0      0 
 20260527    14:27:26       0      0      1      0      0      0      0  10251   2520      0      0 
 20260527    14:27:28       0      0      1      0      0      0      0  10251   2520      0      0 
 20260527    14:27:29       0      0      7      0      0      0      0    810    360      0      1 
 20260527    14:27:30       0      1     13      0      0      0      0    405    225      0      0 
 20260527    14:27:31       0      3     13      0      0      0      0    405    210      1      0 
 20260527    14:27:32       0      0     13      0      0      0      0    405    210      0      0 
 20260527    14:27:33       0      0     14      0      0      0      0    405    210    223      2 
 20260527    14:27:34       0      0     14      0      0      0      0    405    210      0      0 
 20260527    14:27:35       0      3     14      0      0      0      0    405    210      0      0 
 20260527    14:27:36       0      0     14      0      0      0      0    405    210     11      0 
 20260527    14:27:37       0      0     14      0      0      0      0    405    210      3      0 
 20260527    14:27:38       0      0     14      0      0      0      0    405    210      3      0 
 20260527    14:27:39       0      3     14      0      0      0      0    405    210      0      1 
 20260527    14:27:40       0      0     14      0      0      0      0    405    210      0      0 
 20260527    14:27:41       0      1     14      0      0      0      0    405    210      0      0 
 20260527    14:27:43       0      3     14      0      0      0      0    405    210      6      0 
 20260527    14:27:44       0      0     13      0      0      0      0    405    210      0      6 
 20260527    14:27:45       0      0     13      0      0      0      0    405    210      0      0 
 20260527    14:27:46       0      0     13      0      0      0      0    405    210      0      0 
 20260527    14:27:47       0      3     13      0      0      0      0    405    210      1      0 
 20260527    14:27:48       0      1     14      0      0      0      0    405    210      0      0 
 20260527    14:27:49       0      0     13      0      0      0      0    405    210      4      0 
 20260527    14:27:50       0      0     13      0      0      0      0    405    210      0      0 
#Date        Time         gpu     sm    mem    enc    dec    jpg    ofa   mclk   pclk  rxpci  txpci 
#YYYYMMDD    HH:MM:SS     Idx      %      %      %      %      %      %    MHz    MHz   MB/s   MB/s 
 20260527    14:27:51       0      3     13      0      0      0      0    405    210     12      0 
 20260527    14:27:52       0      0     13      0      0      0      0    405    210      0      0 
 20260527    14:27:53       0      0     13      0      0      0      0    405    210      0      0 
 20260527    14:27:54       0      0     13      0      0      0      0    405    210     53     28 
 20260527    14:27:55       0      3     14      0      0      0      0    405    210      0      0 
 20260527    14:27:56       0      0     14      0      0      0      0    405    210      0      0 
 20260527    14:27:57       0      1     14      0      0      0      0    405    210      0      0 
 20260527    14:27:59       0      3     15      0      0      0      0    405    210      0      0 
 20260527    14:28:00       0      0     14      0      0      0      0    405    210     14      2 
 20260527    14:28:01       0      0      8      0      0      0      0    405    210      0      0 
 20260527    14:28:02       0      0      9      0      0      0      0    405    210      0      0 
 20260527    14:28:03       0      3     11      0      0      0      0    405    210      1      1 
 20260527    14:28:04       0      0     11      0      0      0      0    405    210    130      0 
 20260527    14:28:05       0      0     10      0      0      0      0    405    210      0      0 
 20260527    14:28:06       0      0     10      0      0      0      0    405    210      0      1 
 20260527    14:28:07       0      3     10      0      0      0      0    405    210      2      0 
 20260527    14:28:08       0      0     11      0      0      0      0    405    210      0      0 
 20260527    14:28:09       0      0     11      0      0      0      0    405    210      0      0 
 20260527    14:28:10       0      0     11      0      0      0      0    405    210      4      3 
 20260527    14:28:11       0      0     11      0      0      0      0    405    210      0      0 
 20260527    14:28:12       0      1     11      0      0      0      0    405    210      0      0 
 20260527    14:28:14       0      0     11      0      0      0      0    405    210      0      0 
 20260527    14:28:15       0      2     11      0      0      0      0    405    210      9      3 
 20260527    14:28:16       0      0     11      0      0      0      0    405    210      0      4 
 20260527    14:28:17       0      0     11      0      0      0      0    405    210      0      0 
 20260527    14:28:18       0      0     11      0      0      0      0    405    210      0      1 
 20260527    14:28:19       0      4     12      0      0      0      0    405    210      1      0 
 20260527    14:28:20       0      0     12      0      0      0      0    405    210      0      0 
 20260527    14:28:21       0      0     12      0      0      0      0    405    210      0      2 
 20260527    14:28:22       0      1     12      0      0      0      0    405    210      0      2 
 20260527    14:28:23       0      3     12      0      0      0      0    405    210      0      0 
 20260527    14:28:24       0      0     12      0      0      0      0    405    210      0      0 
 20260527    14:28:25       0      0     12      0      0      0      0    405    210     59      0 
 20260527    14:28:26       0      3     12      0      0      0      0    405    210      0      3 
 20260527    14:28:27       0      0     11      0      0      0      0    405    210      0      0 
 20260527    14:28:29       0      1     11      0      0      0      0    405    210      0      0 
 20260527    14:28:30       0      0     11      0      0      0      0    405    210      0      0 
 20260527    14:28:31       0      3     12      0      0      0      0    405    210      1      0 
 20260527    14:28:32       0      1     12      0      0      0      0    405    210      4      0 
 20260527    14:28:33       0      0     11      0      0      0      0    405    210      0      0 
 20260527    14:28:34       0      0     11      0      0      0      0    405    210      0      0 
 20260527    14:28:35       0      3     11      0      0      0      0    405    210      1      0 
 20260527    14:28:36       0      0     11      0      0      0      0    405    210      4      0 
 20260527    14:28:37       0      0     11      0      0      0      0    405    210     13     10 
#Date        Time         gpu     sm    mem    enc    dec    jpg    ofa   mclk   pclk  rxpci  txpci 
#YYYYMMDD    HH:MM:SS     Idx      %      %      %      %      %      %    MHz    MHz   MB/s   MB/s 
 20260527    14:28:38       0      1     12      0      0      0      0    405    210      1      0 
 20260527    14:28:39       0      3     12      0      0      0      0    405    210      0      0 
 20260527    14:28:40       0      0     12      0      0      0      0    405    210      0      0 
 20260527    14:28:41       0      1     13      0      0      0      0    405    210      0      0 
 20260527    14:28:42       0      3     13      0      0      0      0    405    210      0      0 
 20260527    14:28:44       0      0     12      0      0      0      0    405    210      0      0 
 20260527    14:28:45       0      0     12      0      0      0      0    405    210      3      0 
 20260527    14:28:46       0      0     12      0      0      0      0    405    210      1      1 
 20260527    14:28:47       0      3     12      0      0      0      0    405    210      1      0 
 20260527    14:28:48       0      1     12      0      0      0      0    405    210      0      0 
 20260527    14:28:49       0      0     12      0      0      0      0    405    210      0      0 
 20260527    14:28:50       0      0     12      0      0      0      0    405    210      0      0 
 20260527    14:28:51       0      3     12      0      0      0      0    405    210      0      0 
 20260527    14:28:52       0      0     12      0      0      0      0    405    210      0      0 
 20260527    14:28:53       0      0     12      0      0      0      0    405    210      3      0 
 20260527    14:28:54       0      0     11      0      0      0      0    405    210      1      0 
 20260527    14:28:55       0      3     12      0      0      0      0    405    210      0      0 
 20260527    14:28:56       0      0     12      0      0      0      0    405    210      0      0 
 20260527    14:28:57       0      0     12      0      0      0      0    405    210      2      1 
 20260527    14:28:59       0      3     12      0      0      0      0    405    210      1      2 
 20260527    14:29:00       0      1     12      0      0      0      0    405    210      0     11 
 20260527    14:29:01       0      0      8      0      0      0      0    405    210      1      0 
 20260527    14:29:02       0      0      8      0      0      0      0    405    210      3      0 
 20260527    14:29:03       0      4      9      0      0      0      0    405    210      0      0 
 20260527    14:29:04       0      0      9      0      0      0      0    405    210      0      0 
 20260527    14:29:05       0      0     10      0      0      0      0    405    210      0      0 
 20260527    14:29:06       0      0     10      0      0      0      0    405    210      0      0 
 20260527    14:29:07       0      3     10      0      0      0      0    405    210      0      1 
 20260527    14:29:08       0      0     10      0      0      0      0    405    210    311     16 
 20260527    14:29:09       0      1     11      0      0      0      0    405    210      0      0 
 20260527    14:29:10       0      0     10      0      0      0      0    405    210      0      0 
 20260527    14:29:11       0      1     10      0      0      0      0    405    210      0      0 
 20260527    14:29:12       0      0     10      0      0      0      0    405    210      0      0 
 20260527    14:29:14       0      0     10      0      0      0      0    405    210      0      0 
 20260527    14:29:15       0      3     10      0      0      0      0    405    210      0      2 
 20260527    14:29:16       0      0     10      0      0      0      0    405    210      1      0 
 20260527    14:29:17       0      0     10      0      0      0      0    405    210      0      0 
 20260527    14:29:18       0      0     10      0      0      0      0    405    210     59      0 
 20260527    14:29:19       0      3     11      0      0      0      0    405    210      4      0 
 20260527    14:29:20       0      0     10      0      0      0      0    405    210      0      0 
 20260527    14:29:21       0      1     11      0      0      0      0    405    210      0      0 
 20260527    14:29:22       0      0     11      0      0      0      0    405    210     11      3 
 20260527    14:29:23       0      3     11      0      0      0      0    405    210      0      0 
 20260527    14:29:24       0      1     11      0      0      0      0    405    210      0      1 
#Date        Time         gpu     sm    mem    enc    dec    jpg    ofa   mclk   pclk  rxpci  txpci 
#YYYYMMDD    HH:MM:SS     Idx      %      %      %      %      %      %    MHz    MHz   MB/s   MB/s 
 20260527    14:29:25       0      0     11      0      0      0      0    405    210      0      0 
 20260527    14:29:26       0      0     12      0      0      0      0    405    210      1      0 
 20260527    14:29:27       0      0     12      0      0      0      0    405    210      0      0 
 20260527    14:29:29       0      0     12      0      0      0      0    405    210      4      0 
 20260527    14:29:30       0      0     12      0      0      0      0    405    210      0      4 
 20260527    14:29:31       0      4     12      0      0      0      0    405    210      5      2 
 20260527    14:29:32       0      0     12      0      0      0      0    405    210      0      0 
 20260527    14:29:33       0      0     11      0      0      0      0    405    210      0      0 
 20260527    14:29:34       0      1     11      0      0      0      0    405    210      0      1 
 20260527    14:29:35       0      2     11      0      0      0      0    405    210      1      0 
 20260527    14:29:36       0      0     11      0      0      0      0    405    210      3      0 
 20260527    14:29:37       0      0     11      0      0      0      0    405    210      0      4 
 20260527    14:29:38       0      0     11      0      0      0      0    405    210      8      0 
 20260527    14:29:39       0      3     11      0      0      0      0    405    210    282      5 
 20260527    14:29:40       0      0     11      0      0      0      0    405    210      0      0 
 20260527    14:29:41       0      0     11      0      0      0      0    405    210      0      1 
 20260527    14:29:42       0      3     11      0      0      0      0    405    210      1      0 
 20260527    14:29:43       0      0     11      0      0      0      0    405    210      0      0 
 20260527    14:29:45       0      0     11      0      0      0      0    405    210      3      0 
 20260527    14:29:46       0      0     11      0      0      0      0    405    210      0      0 
 20260527    14:29:47       0      3     12      0      0      0      0    405    210      2      1 
 20260527    14:29:48       0      0     12      0      0      0      0    405    210      0      1 
 20260527    14:29:49       0      0     12      0      0      0      0    405    210      0      1 
 20260527    14:29:50       0      0     12      0      0      0      0    405    210      4      0 
 20260527    14:29:51       0      3     12      0      0      0      0    405    210      1      2 
 20260527    14:29:52       0      0     12      0      0      0      0    405    210      0      2 
 20260527    14:29:53       0      1     12      0      0      0      0    405    210      3      0 
 20260527    14:29:54       0      0     12      0      0      0      0    405    210      0      0 
 20260527    14:29:55       0      3     12      0      0      0      0    405    210      0      0 
 20260527    14:29:56       0      0     12      0      0      0      0    405    210      0      1 
 20260527    14:29:57       0      0     11      0      0      0      0    405    210      0      0 
 20260527    14:29:58       0      3     11      0      0      0      0    405    210      1      0 
 20260527    14:30:00       0      0     11      0      0      0      0    405    210      0      0 
 20260527    14:30:01       0      0      0      0      0      0      0  10251   2520    340      8 
 20260527    14:30:02       0      0      0      0      0      0      0  10251   2520      1      0 
 20260527    14:30:03       0      0      0      0      0      0      0  10251   2520      0      0 
 20260527    14:30:04       0      0      0      0      0      0      0  10251   2520      0      0 
 20260527    14:30:05       0      0      9      0      0      0      0    405    285      0      0 
 20260527    14:30:06       0      0      9      0      0      0      0    405    210      0      0 
 20260527    14:30:07       0      3      9      0      0      0      0    405    210      0      2 
 20260527    14:30:08       0      0     10      0      0      0      0    405    210      0      0 
 20260527    14:30:09       0      0     10      0      0      0      0    405    210      0      2 
 20260527    14:30:10       0      0     10      0      0      0      0    405    210      1      1 
 20260527    14:30:11       0      4     10      0      0      0      0    405    210      4      1 
#Date        Time         gpu     sm    mem    enc    dec    jpg    ofa   mclk   pclk  rxpci  txpci 
#YYYYMMDD    HH:MM:SS     Idx      %      %      %      %      %      %    MHz    MHz   MB/s   MB/s 
 20260527    14:30:12       0      0     11      0      0      0      0    405    210      0      3 
 20260527    14:30:13       0      0     11      0      0      0      0    405    210      0      0 
 20260527    14:30:15       0      4     11      0      0      0      0    405    210      0      0 
 20260527    14:30:16       0      0     11      0      0      0      0    405    210      0      0 
 20260527    14:30:17       0      0     11      0      0      0      0    405    210      1      1 
 20260527    14:30:18       0      0     10      0      0      0      0    405    210      0      0 
 20260527    14:30:19       0      3     11      0      0      0      0    405    210      0      0 
 20260527    14:30:20       0      1     10      0      0      0      0    405    210      0      0 
 20260527    14:30:21       0      0     10      0      0      0      0    405    210      0      0 
 20260527    14:30:22       0      0     10      0      0      0      0    405    210    282     19 
 20260527    14:30:23       0      3     10      0      0      0      0    405    210      0      1 
 20260527    14:30:24       0      1     10      0      0      0      0    405    210      0      0 
 20260527    14:30:25       0      0     10      0      0      0      0    405    210      0      0 
 20260527    14:30:26       0      0     10      0      0      0      0    405    210      5      2 
 20260527    14:30:27       0      3     10      0      0      0      0    405    210      0      0 
 20260527    14:30:28       0      0     11      0      0      0      0    405    210      0      0 
 20260527    14:30:30       0      0     11      0      0      0      0    405    210      0      0 
 20260527    14:30:31       0      3     11      0      0      0      0    405    210      1      1 
 20260527    14:30:32       0      0     11      0      0      0      0    405    210      0      1 
 20260527    14:30:33       0      1     11      0      0      0      0    405    210      0      0 
 20260527    14:30:34       0      0     11      0      0      0      0    405    210      0      0 
 20260527    14:30:35       0      3     12      0      0      0      0    405    210      3      0 
 20260527    14:30:36       0      1     11      0      0      0      0    405    210      0      0 
 20260527    14:30:37       0      0     11      0      0      0      0    405    210      0      0 
 20260527    14:30:38       0      0     11      0      0      0      0    405    210     13      3 
 20260527    14:30:39       0      3     11      0      0      0      0    405    210      0      0 
 20260527    14:30:40       0      0     11      0      0      0      0    405    210      0      0 
 20260527    14:30:41       0      0     11      0      0      0      0    405    210      0      0 
 20260527    14:30:42       0      1     11      0      0      0      0    405    210      5      1 
 20260527    14:30:43       0      0     11      0      0      0      0    405    210      0      3 
 20260527    14:30:44       0      0     11      0      0      0      0    405    210      3      0 
 20260527    14:30:46       0      1     11      0      0      0      0    405    210      0      0 
 20260527    14:30:47       0      3     12      0      0      0      0    405    210      4      0 
 20260527    14:30:48       0      0     11      0      0      0      0    405    210      0      1 
 20260527    14:30:49       0      1     12      0      0      0      0    405    210      0      0 
 20260527    14:30:50       0      0     11      0      0      0      0    405    210      0      0 
 20260527    14:30:51       0      3     11      0      0      0      0    405    210      1      0 
 20260527    14:30:52       0      1     11      0      0      0      0    405    210      0      0 
 20260527    14:30:53       0      0     11      0      0      0      0    405    210    232      0 
 20260527    14:30:54       0      0     11      0      0      0      0    405    210     11      2 
 20260527    14:30:55       0      3     11      0      0      0      0    405    210      0      0 
 20260527    14:30:56       0      0     11      0      0      0      0    405    210      0      0 
 20260527    14:30:57       0      0     11      0      0      0      0    405    210      0      0 
 20260527    14:30:58       0      1     11      0      0      0      0    405    210      4      0 
#Date        Time         gpu     sm    mem    enc    dec    jpg    ofa   mclk   pclk  rxpci  txpci 
#YYYYMMDD    HH:MM:SS     Idx      %      %      %      %      %      %    MHz    MHz   MB/s   MB/s 
 20260527    14:30:59       0      0     11      0      0      0      0    405    210      0      0 
 20260527    14:31:01       0      0     10      0      0      0      0    405    210      0      0 
 20260527    14:31:02       0      0     10      0      0      0      0    405    210      0      2 
 20260527    14:31:03       0      3     11      0      0      0      0    405    210      5      0 
 20260527    14:31:04       0      0     11      0      0      0      0    405    210      1      4 
 20260527    14:31:05       0      1     11      0      0      0      0    405    210      0      0 
 20260527    14:31:06       0      0     11      0      0      0      0    405    210      0      1 
 20260527    14:31:07       0      3     11      0      0      0      0    405    210      0      0 
 20260527    14:31:08       0      0     11      0      0      0      0    405    210      0      0 
 20260527    14:31:09       0      0     11      0      0      0      0    405    210     13      0 
 20260527    14:31:10       0      1     11      0      0      0      0    405    210      9      0 
 20260527    14:31:11       0      3     11      0      0      0      0    405    210      0      0 
 20260527    14:31:12       0      0     11      0      0      0      0    405    210      0      0 
 20260527    14:31:13       0      0     11      0      0      0      0    405    210      4      2 
 20260527    14:31:14       0      3     11      0      0      0      0    405    210      1      0 
 20260527    14:31:15       0      0     11      0      0      0      0    405    210      0      0 
 20260527    14:31:17       0      1     11      0      0      0      0    405    210      0      0 
 20260527    14:31:18       0      0     11      0      0      0      0    405    210      0      0 
 20260527    14:31:19       0      3     11      0      0      0      0    405    210      5      3 
 20260527    14:31:20       0      0     11      0      0      0      0    405    210      1      0 
 20260527    14:31:21       0      0     11      0      0      0      0    405    210      0      0 
 20260527    14:31:22       0      1     11      0      0      0      0    405    210      0      0 
 20260527    14:31:23       0      3     11      0      0      0      0    405    210      0      0 
 20260527    14:31:24       0      0     11      0      0      0      0    405    210    223     19 
 20260527    14:31:25       0      0     12      0      0      0      0    405    210      0      0 
 20260527    14:31:26       0      1     12      0      0      0      0    405    210      1      0 
 20260527    14:31:27       0      3     12      0      0      0      0    405    210      0      0 
 20260527    14:31:28       0      0     12      0      0      0      0    405    210      0      0 
 20260527    14:31:29       0      0     12      0      0      0      0    405    210      0      0 
 20260527    14:31:30       0      3     13      0      0      0      0    405    210      1      0 
 20260527    14:31:32       0      1     12      0      0      0      0    405    210      0      0 
 20260527    14:31:33       0      0     12      0      0      0      0    405    210      0      0 
 20260527    14:31:34       0      0     12      0      0      0      0    405    210      0      1 
 20260527    14:31:35       0      3     12      0      0      0      0    405    210      0      1 
 20260527    14:31:36       0      1     12      0      0      0      0    405    210      0      2 
 20260527    14:31:37       0      0     12      0      0      0      0    405    210      0      1 
 20260527    14:31:38       0      0     12      0      0      0      0    405    210      0      0 
 20260527    14:31:39       0      2     12      0      0      0      0    405    210      4      0 
 20260527    14:31:40       0      0     12      0      0      0      0    405    210     11      0 
 20260527    14:31:41       0      0     12      0      0      0      0    405    210      0      0 
 20260527    14:31:42       0      0     12      0      0      0      0    405    210      1      0 
 20260527    14:31:43       0      3     12      0      0      0      0    405    210      5      0 
 20260527    14:31:44       0      1     12      0      0      0      0    405    210      6      1 
 20260527    14:31:45       0      0     12      0      0      0      0    405    210      0      0 
#Date        Time         gpu     sm    mem    enc    dec    jpg    ofa   mclk   pclk  rxpci  txpci 
#YYYYMMDD    HH:MM:SS     Idx      %      %      %      %      %      %    MHz    MHz   MB/s   MB/s 
 20260527    14:31:47       0      3     13      0      0      0      0    405    210      1      0 
 20260527    14:31:48       0      1     13      0      0      0      0    405    210      0      0 
 20260527    14:31:49       0      0     13      0      0      0      0    405    210      0      0 
 20260527    14:31:50       0      0     13      0      0      0      0    405    210      0      1 
 20260527    14:31:51       0      3     13      0      0      0      0    405    210      0      0 
 20260527    14:31:52       0      0     13      0      0      0      0    405    210      0      1 
 20260527    14:31:53       0      1     13      0      0      0      0    405    210      0      0 
 20260527    14:31:54       0      0     12      0      0      0      0    405    210      3      0 
 20260527    14:31:55       0      2     12      0      0      0      0    405    210    229      0 
 20260527    14:31:56       0      0     12      0      0      0      0    405    210      0      0 
 20260527    14:31:57       0      1     12      0      0      0      0    405    210      0      0 
 20260527    14:31:58       0      0     12      0      0      0      0    405    210      1      2 
 20260527    14:31:59       0      3     12      0      0      0      0    405    210      0      0 
 20260527    14:32:00       0      0      8      0      0      0      0    405    210      0      1 
 20260527    14:32:01       0      0      8      0      0      0      0    405    210      0      0 
 20260527    14:32:03       0      4     10      0      0      0      0    405    210      1      0 
 20260527    14:32:04       0      0      9      0      0      0      0    405    210      0      0 
 20260527    14:32:05       0      0      9      0      0      0      0    405    210      3      0 
 20260527    14:32:06       0      0     10      0      0      0      0    405    210      8      0 
 20260527    14:32:07       0      4     10      0      0      0      0    405    210      0      0 
 20260527    14:32:08       0      0     10      0      0      0      0    405    210      0      0 
 20260527    14:32:09       0      0     11      0      0      0      0    405    210      0      0 
 20260527    14:32:10       0      0     11      0      0      0      0    405    210      0      1 
 20260527    14:32:11       0      3     12      0      0      0      0    405    210      6      0 
 20260527    14:32:12       0      1     12      0      0      0      0    405    210      0      0 
 20260527    14:32:13       0      0     12      0      0      0      0    405    210      0      0 
 20260527    14:32:14       0      0     12      0      0      0      0    405    210      1      0 
 20260527    14:32:15       0      3     13      0      0      0      0    405    210      0      0 
 20260527    14:32:16       0      0     12      0      0      0      0    405    210    218      0 
 20260527    14:32:18       0      0     12      0      0      0      0    405    210      0      0 
 20260527    14:32:19       0      3     11      0      0      0      0    405    210      4      0 
 20260527    14:32:20       0      0     11      0      0      0      0    405    210      0      0 
 20260527    14:32:21       0      0     11      0      0      0      0    405    210      1      0 
 20260527    14:32:22       0      1     12      0      0      0      0    405    210      3      0 
 20260527    14:32:23       0      3     11      0      0      0      0    405    210      2      0 
 20260527    14:32:24       0      0     12      0      0      0      0    405    210      0      0 
 20260527    14:32:25       0      0     12      0      0      0      0    405    210      0      2 
 20260527    14:32:26       0      0     12      0      0      0      0    405    210      3      3 
 20260527    14:32:27       0      3     12      0      0      0      0    405    210      0      3 
 20260527    14:32:28       0      1     12      0      0      0      0    405    210      0      0 
 20260527    14:32:29       0      0     12      0      0      0      0    405    210      3      0 
 20260527    14:32:30       0      0     12      0      0      0      0    405    210      2      0 
 20260527    14:32:31       0      0     13      0      0      0      0    405    210      0      0 
 20260527    14:32:33       0      0     13      0      0      0      0    405    210      3      0 
#Date        Time         gpu     sm    mem    enc    dec    jpg    ofa   mclk   pclk  rxpci  txpci 
#YYYYMMDD    HH:MM:SS     Idx      %      %      %      %      %      %    MHz    MHz   MB/s   MB/s 
 20260527    14:32:34       0      1     13      0      0      0      0    405    210      0      0 
 20260527    14:32:35       0      3     13      0      0      0      0    405    210      1      0 
 20260527    14:32:36       0      0     13      0      0      0      0    405    210      1      1 
 20260527    14:32:37       0      0     13      0      0      0      0    405    210      0      1 
 20260527    14:32:38       0      0     13      0      0      0      0    405    210    163     23 
 20260527    14:32:39       0      3     12      0      0      0      0    405    210      1      0 
 20260527    14:32:40       0      0     12      0      0      0      0    405    210     11      0 
 20260527    14:32:41       0      0     12      0      0      0      0    405    210      0      0 
 20260527    14:32:42       0      0     12      0      0      0      0    405    210      0      0 
 20260527    14:32:43       0      3     12      0      0      0      0    405    210      0      0 
 20260527    14:32:44       0      0     12      0      0      0      0    405    210      0      1 
 20260527    14:32:45       0      0     12      0      0      0      0    405    210      0      2 
 20260527    14:32:47       0      2     12      0      0      0      0    405    210      0      0 
 20260527    14:32:48       0      0     12      0      0      0      0    405    210      4      0 
 20260527    14:32:49       0      0     12      0      0      0      0    405    210      0      3 
 20260527    14:32:50       0      0     12      0      0      0      0    405    210      0      0 
 20260527    14:32:51       0      4     13      0      0      0      0    405    210      4      0 
 20260527    14:32:52       0      0     13      0      0      0      0    405    210      0      1 
 20260527    14:32:53       0      1     13      0      0      0      0    405    210      0      0 
 20260527    14:32:54       0      0     13      0      0      0      0    405    210      0      0 
 20260527    14:32:55       0      3     13      0      0      0      0    405    210     13      0 
 20260527    14:32:56       0      1     13      0      0      0      0    405    210      0      0 
 20260527    14:32:57       0      0     13      0      0      0      0    405    210      0      0 
 20260527    14:32:58       0      0     13      0      0      0      0    405    210      4      0 
 20260527    14:32:59       0      3     13      0      0      0      0    405    210    250     24 
 20260527    14:33:00       0      0      0      0      0      0      0  10251   2520      0      0 
 20260527    14:33:02       0      0      0      0      0      0      0  10251   2520      0      0 
 20260527    14:33:03       0      0      0      0      0      0      0  10251   2520      4      0 
 20260527    14:33:04       0      0      0      0      0      0      0  10251   2520      0      0 
 20260527    14:33:05       0      0      5      0      0      0      0    810    345      4      0 
 20260527    14:33:06       0      1      9      0      0      0      0    405    225      1      0 
 20260527    14:33:07       0      3     10      0      0      0      0    405    210      1      2 
 20260527    14:33:08       0      0     10      0      0      0      0    405    210      0      0 
 20260527    14:33:09       0      0     10      0      0      0      0    405    210      0      0 
 20260527    14:33:10       0      0     10      0      0      0      0    405    210     15      0 
 20260527    14:33:11       0      2     10      0      0      0      0    405    210      3      3 
 20260527    14:33:12       0      1     10      0      0      0      0    405    210      0      0 
 20260527    14:33:13       0      0     10      0      0      0      0    405    210      0      0 
 20260527    14:33:14       0      0     10      0      0      0      0    405    210      1      0 
 20260527    14:33:15       0      4     10      0      0      0      0    405    210      0      0 
 20260527    14:33:16       0      0     11      0      0      0      0    405    210      0      0 
 20260527    14:33:18       0      0     11      0      0      0      0    405    210      0      0 
 20260527    14:33:19       0      3     11      0      0      0      0    405    210      0      4 
 20260527    14:33:20       0      0     11      0      0      0      0    405    210      0      0 
#Date        Time         gpu     sm    mem    enc    dec    jpg    ofa   mclk   pclk  rxpci  txpci 
#YYYYMMDD    HH:MM:SS     Idx      %      %      %      %      %      %    MHz    MHz   MB/s   MB/s 
 20260527    14:33:21       0      0     11      0      0      0      0    405    210    110      0 
 20260527    14:33:22       0      0     11      0      0      0      0    405    210      1      0 
 20260527    14:33:23       0      3     11      0      0      0      0    405    210      1      0 
 20260527    14:33:24       0      2      2      0    100      0      0  10251   2520    123     17 
 20260527    14:33:25       0     25      4     57     63      0      0  10251   2670   7592   7523 
 20260527    14:33:26       0     34      5     64     91      0      0  10251   2670   6529   7112 
 20260527    14:33:27       0     37      5     64     99      0      0  10251   2670   4347   4797 
 20260527    14:33:28       0     39      5     69    100      0      0  10251   2670   4417   5014 
 20260527    14:33:29       0     30      5     58     81      0      0  10251   2670   7426   8426 
 20260527    14:33:30       0     37      5     68    100      0      0  10251   2670   5839   6690 
 20260527    14:33:31       0     29      4     66    100      0      0  10251   2670   4679   4437 
 20260527    14:33:33       0     13      3     68     36      0      0  10251   2670   3522   3534 
 20260527    14:33:34       0     16      3     39     99      0      0  10251   2670   2085   2944 
 20260527    14:33:35       0     28      4     63    100      0      0  10251   2670   4572   4441 
 20260527    14:33:36       0     29      4     87     99      0      0  10251   2670   4164   4172 
 20260527    14:33:37       0     20      4     62     71      0      0  10251   2670   3983   4290 
 20260527    14:33:38       0     34      5     79    100      0      0  10251   2670   3984   5349 
 20260527    14:33:39       0     12      3     61     40      0      0  10251   2670   2194   2923 
 20260527    14:33:40       0     17      3     36    100      0      0  10251   2670   2594   5516 
 20260527    14:33:41       0     29      4     67    100      0      0  10251   2670   5013   4716 
 20260527    14:33:42       0     26      4     67    100      0      0  10251   2670   3816   4047 
 20260527    14:33:43       0     28      4     64     93      0      0  10251   2670   4487   5885 
 20260527    14:33:44       0     25      4     65     85      0      0  10251   2670   5445   4685 
 20260527    14:33:45       0     28      4     69     99      0      0  10251   2670   4363   3983 
 20260527    14:33:46       0     20      3     59     70      0      0  10251   2670   3603   5818 
 20260527    14:33:48       0     26      4     69     94      0      0  10251   2670   3424   4072 
 20260527    14:33:49       0     27      4     76     88      0      0  10251   2670   4825   4632 
 20260527    14:33:50       0     26      5     70     88      0      0  10251   2670   3875   4642 
 20260527    14:33:51       0     29      4     66     99      0      0  10251   2670   4631   5256 
 20260527    14:33:52       0     27      4     67     99      0      0  10251   2670   3815   4169 
 20260527    14:33:53       0     26      4     76     90      0      0  10251   2670   5880   4098 
 20260527    14:33:54       0     38      6     91    100      0      0  10251   2670   4858   5238 
 20260527    14:33:55       0     27      4     59     80      0      0  10251   2670   5531   6405 
 20260527    14:33:56       0     24      4     65     85      0      0  10251   2670   5643   4708 
 20260527    14:33:57       0     29      4     72    100      0      0  10251   2670   4850   5229 
 20260527    14:33:58       0     21      4     78     78      0      0  10251   2670   3254   3249 
 20260527    14:33:59       0     18      3     36    100      0      0  10251   2670   2167   2341 
 20260527    14:34:00       0     17      3     39    100      0      0  10251   2670   2896   3493 
 20260527    14:34:01       0     28      5     62     94      0      0  10251   2670   4009   5233 
 20260527    14:34:03       0     21      3     64     62      0      0  10251   2670   3792   3854 
 20260527    14:34:04       0     31      4     46     96      0      0  10251   2670   5028   5560 
 20260527    14:34:05       0     34      6     93    100      0      0  10251   2670   4660   4871 
 20260527    14:34:06       0     30      5     75     99      0      0  10251   2670   5188   5840 
 20260527    14:34:07       0     18      3     63     46      0      0  10251   2670   2917   4067 
#Date        Time         gpu     sm    mem    enc    dec    jpg    ofa   mclk   pclk  rxpci  txpci 
#YYYYMMDD    HH:MM:SS     Idx      %      %      %      %      %      %    MHz    MHz   MB/s   MB/s 
 20260527    14:34:08       0     26      4     64     86      0      0  10251   2670   4431   4675 
 20260527    14:34:09       0     35      6     94    100      0      0  10251   2670   5367   5787 
 20260527    14:34:10       0     27      4     64     86      0      0  10251   2670   6054   7436 
 20260527    14:34:11       0     33      5     82     85      0      0  10251   2670   5323   5472 
 20260527    14:34:12       0     26      4     65     77      0      0  10251   2670   4300   4643 
 20260527    14:34:13       0     38      6     91    100      0      0  10251   2670   3742   5774 
 20260527    14:34:14       0     33      4     73    100      0      0  10251   2670   5316   4996 
 20260527    14:34:15       0     16      3     62     74      0      0  10251   2670   2467   3129 
 20260527    14:34:17       0     17      3     51    100      0      0  10251   2670   5378   6385 
 20260527    14:34:18       0     34      5     70    100      0      0  10251   2670   4113   4460 
 20260527    14:34:19       0     34      5     83    100      0      0  10251   2670   5862   6721 
 20260527    14:34:20       0     24      4     64    100      0      0  10251   2670   4484   5933 
 20260527    14:34:21       0     27      4     65     85      0      0  10251   2670   3915   5793 
 20260527    14:34:22       0     30      5     70     81      0      0  10251   2670   5792   4989 
 20260527    14:34:23       0     26      4     61     76      0      0  10251   2670   4365   5054 
 20260527    14:34:24       0     25      4     58     74      0      0  10251   2670   3748   4304 
 20260527    14:34:25       0     25      4     67     78      0      0  10251   2670   6049   6235 
 20260527    14:34:26       0     32      5     79    100      0      0  10251   2670   4358   4516 
 20260527    14:34:27       0     36      5     92    100      0      0  10251   2670   4314   4649 
 20260527    14:34:28       0     31      5     74     84      0      0  10251   2670   4282   4069 
 20260527    14:34:29       0     23      4     58     74      0      0  10251   2670   4287   8580 
 20260527    14:34:30       0     34      6     99    100      0      0  10251   2670   5522   5810 
 20260527    14:34:32       0     22      3     51     42      0      0  10251   2670   6085   7209 
 20260527    14:34:33       0     46      5     51    100      0      0  10251   2670   4310   4645 
 20260527    14:34:34       0     24      4     59     73      0      0  10251   2670   3770   4066 
 20260527    14:34:35       0     37      4     50     74      0      0  10251   2670   3275   2916 
 20260527    14:34:36       0     18      3     42    100      0      0  10251   2670   4485   4645 
 20260527    14:34:37       0     24      4     66     71      0      0  10251   2670   3913   5810 
 20260527    14:34:38       0     28      5     83     73      0      0  10251   2670   7713   6143 
 20260527    14:34:39       0     27      4     65     86      0      0  10251   2670   4287   6259 
 20260527    14:34:40       0     32      4     73    100      0      0  10251   2670   4833   5868 
 20260527    14:34:41       0     29      5     63     89      0      0  10251   2670   6229   6968 
 20260527    14:34:42       0     33      4     87    100      0      0  10251   2670   5694   5804 
 20260527    14:34:43       0     27      4     74     75      0      0  10251   2670   5745   6795 
 20260527    14:34:44       0     24      4     64     75      0      0  10251   2670   3373   3295 
 20260527    14:34:46       0     20      3     46    100      0      0  10251   2670   5877   9627 
 20260527    14:34:47       0     33      4     69    100      0      0  10251   2670   4301   4645 
 20260527    14:34:48       0     29      5     71     79      0      0  10251   2670   3893   4624 
 20260527    14:34:49       0     32      4     75    100      0      0  10251   2670   5007   5264 
 20260527    14:34:50       0     26      4     62     75      0      0  10251   2670   4280   5107 
 20260527    14:34:51       0     32      5     64    100      0      0  10251   2670   5189   5810 
 20260527    14:34:52       0     32      5     63    100      0      0  10251   2670   5834   5555 
 20260527    14:34:53       0     29      5     63     93      0      0  10251   2670   4525   4870 
 20260527    14:34:54       0     28      5     80     95      0      0  10251   2670   5150   5895 
#Date        Time         gpu     sm    mem    enc    dec    jpg    ofa   mclk   pclk  rxpci  txpci 
#YYYYMMDD    HH:MM:SS     Idx      %      %      %      %      %      %    MHz    MHz   MB/s   MB/s 
 20260527    14:34:55       0     29      4     51     79      0      0  10251   2670   3773   4229 
 20260527    14:34:56       0     14      3     29    100      0      0  10251   2670   2619   3452 
 20260527    14:34:57       0     28      4     56     99      0      0  10251   2670   4689   4831 
 20260527    14:34:58       0     27      4     61    100      0      0  10251   2670   4341   5700 
 20260527    14:34:59       0     28      5     73     99      0      0  10251   2670   4158   4754 
 20260527    14:35:01       0     26      4     58     85      0      0  10251   2670   5456   5037 
 20260527    14:35:02       0     30      5     75     99      0      0  10251   2670   2719   2350 
 20260527    14:35:03       0     14      2     32    100      0      0  10251   2670   2454   2697 
 20260527    14:35:04       0     24      3     74    100      0      0  10251   2670   4358   4546 
 20260527    14:35:05       0     23      4     66    100      0      0  10251   2670   4064   5472 
 20260527    14:35:06       0     21      4     68     95      0      0  10251   2670   4351   4468 
 20260527    14:35:07       0     25      4     67    100      0      0  10251   2670   4019   4531 
 20260527    14:35:08       0     26      4     70    100      0      0  10251   2670   4522   4721 
 20260527    14:35:09       0     24      3     60    100      0      0  10251   2670   4004   4087 
 20260527    14:35:10       0     24      3     61    100      0      0  10251   2670   4179   4310 
 20260527    14:35:11       0     24      3     69    100      0      0  10251   2670   4130   4276 
 20260527    14:35:12       0     23      4     63    100      0      0  10251   2670   3835   4327 
 20260527    14:35:13       0     25      4     68    100      0      0  10251   2670   4005   4797 
 20260527    14:35:14       0     24      3     66    100      0      0  10251   2670   4002   4447 
 20260527    14:35:16       0     28      4     71     99      0      0  10251   2670   4755   4657 
 20260527    14:35:17       0     22      3     51     89      0      0  10251   2670   3022   3731 
 20260527    14:35:18       0     24      3     51     92      0      0  10251   2670   3245   3862 
 20260527    14:35:19       0     32      5     51     82      0      0  10251   2670   5921   6339 
 20260527    14:35:20       0      0      1      0      0      0      0  10251   2670      0      2 
 20260527    14:35:21       0      0      1      0      0      0      0   5001   1170      3      0 
 20260527    14:35:22       0      0      7      0      0      0      0    810    735      0      0 
 20260527    14:35:23       0      2      7      0      0      0      0    810    480      0      4 
 20260527    14:35:24       0      0     13      0      0      0      0    405    270      0      0 
 20260527    14:35:25       0      1     14      0      0      0      0    405    210      0      0 
 20260527    14:35:26       0      0     13      0      0      0      0    405    210      6      0 
 20260527    14:35:27       0      2     13      0      0      0      0    405    210      0      0 
 20260527    14:35:28       0      0     13      0      0      0      0    405    210      0      1 
 20260527    14:35:29       0      0     13      0      0      0      0    405    210      3     23 
 20260527    14:35:31       0     35      3     10     63      0      0  10251   2670   4800   5607 
 20260527    14:35:32       0     35      4     43     61      0      0  10251   2670   5867   7347 
 20260527    14:35:33       0     36      4     43     72      0      0  10251   2670   6058   7002 
 20260527    14:35:34       0     31      4     49     60      0      0  10251   2670   4344   4909 
 20260527    14:35:35       0     29      4     51     81      0      0  10251   2670   3616   4233 
 20260527    14:35:36       0     25      3     51     71      0      0  10251   2670   3594   3959 
 20260527    14:35:37       0     26      3     51     77      0      0  10251   2670   3632   4709 
 20260527    14:35:38       0     25      3     51     67      0      0  10251   2670   4199   4589 
 20260527    14:35:39       0     25      3     51     70      0      0  10251   2670   4028   5262 
 20260527    14:35:40       0     13      2     25     36      0      0  10251   2670      8      0 
 20260527    14:35:41       0     11      1     30      0      0      0  10251   2670   4162    580 
#Date        Time         gpu     sm    mem    enc    dec    jpg    ofa   mclk   pclk  rxpci  txpci 
#YYYYMMDD    HH:MM:SS     Idx      %      %      %      %      %      %    MHz    MHz   MB/s   MB/s 
 20260527    14:35:42       0     10      1     28      0      0      0  10251   2520   4163    493 
 20260527    14:35:43       0     10      1     30      0      0      0  10251   2670   3006    500 
 20260527    14:35:45       0      9      1     26      0      0      0  10251   2670   3931    351 
 20260527    14:35:46       0      0      1      0      0      0      0  10251   2520      0      0 
 20260527    14:35:47       0      0      1      0      0      0      0  10251   2520      5      0 
 20260527    14:35:48       0     18      2      0     48      0      0  10251   2520     75   3574 
 20260527    14:35:49       0     22      3     51     73      0      0  10251   2670   4193   5587 
 20260527    14:35:50       0     25      3     51     67      0      0  10251   2670   4148   4590 
 20260527    14:35:51       0     28      3     51     52      0      0  10251   2670   4090   4925 
 20260527    14:35:52       0     33      4     41     58      0      0  10251   2670   4079   5952 
 20260527    14:35:53       0     34      4     51     91      0      0  10251   2670   4798   4926 
 20260527    14:35:54       0      0      1      0      0      0      0  10251   2670   2545    303 
 20260527    14:35:55       0      8      1     19      0      0      0  10251   2670   2392    319 
 20260527    14:35:56       0      6      1     20      0      0      0  10251   2520   3285    326 
 20260527    14:35:57       0      5      1     15      0      0      0  10251   2520   2312    267 
 20260527    14:35:58       0      0      1      0      0      0      0  10251   2520      1      0 
 20260527    14:36:00       0      0      1      0      0      0      0  10251   2520      0      0 
 20260527    14:36:01       0      0      0      0      0      0      0  10251   2520     81     45 
 20260527    14:36:02       0     27      4     51     65      0      0  10251   2670   3568   4342 
 20260527    14:36:03       0     33      4     51     79      0      0  10251   2670   4173   4931 
 20260527    14:36:04       0     28      4     51     74      0      0  10251   2670   3941   4555 
 20260527    14:36:05       0     27      4     51     56      0      0  10251   2670   4930   5647 
 20260527    14:36:06       0     28      4     51     73      0      0  10251   2670   3831   4997 
 20260527    14:36:07       0     27      4     51     70      0      0  10251   2670   4668   4938 
 20260527    14:36:08       0     29      4     51     72      0      0  10251   2670   3586   4228 
 20260527    14:36:09       0     28      4     49     70      0      0  10251   2670   4317   4413 
 20260527    14:36:10       0     27      3     51     66      0      0  10251   2670   3820   4572 
 20260527    14:36:11       0     25      3     51     60      0      0  10251   2670   3557   4805 
 20260527    14:36:12       0     27      3     51     66      0      0  10251   2670   3562   4688 
 20260527    14:36:13       0     30      4     42     69      0      0  10251   2670   4751   5618 
 20260527    14:36:15       0     32      4     40     57      0      0  10251   2670   4916   5749 
 20260527    14:36:16       0     27      3     51     72      0      0  10251   2670   3563   5170 
 20260527    14:36:17       0      1      1     28      3      0      0  10251   2670      0      0 
 20260527    14:36:18       0      0      1      0      0      0      0  10251   2670    350     11 
 20260527    14:36:19       0      1      7      0      0      0      0    810    990    286     30 
 20260527    14:36:20       0      5      1      0     82      0      0  10251   2670   4180   4402 
 20260527    14:36:21       0     27      4     51     70      0      0  10251   2670   4175   5405 
 20260527    14:36:22       0     26      3     51     71      0      0  10251   2670   3589   4598 
 20260527    14:36:23       0     26      3     51     69      0      0  10251   2670   3593   4727 
 20260527    14:36:24       0     27      4     51     77      0      0  10251   2670   4196   4474 
 20260527    14:36:25       0      3      1     49     12      0      0  10251   2670      0      0 
 20260527    14:36:26       0      0      1      0      0      0      0  10251   2670      1      0 
 20260527    14:36:27       0     13      7      0      0      0      0  10251   2520    155      7 
 20260527    14:36:29       0     40      5     50     75      0      0  10251   2670   4314   7391 
#Date        Time         gpu     sm    mem    enc    dec    jpg    ofa   mclk   pclk  rxpci  txpci 
#YYYYMMDD    HH:MM:SS     Idx      %      %      %      %      %      %    MHz    MHz   MB/s   MB/s 
 20260527    14:36:30       0     38      5     47     74      0      0  10251   2670   5875   6906 
 20260527    14:36:31       0     32      4     51     58      0      0  10251   2670   5276   5175 
 20260527    14:36:32       0      0      1     49      0      0      0  10251   2670      0      0 
 20260527    14:36:33       0      0      1      0      0      0      0  10251   2670      0      0 
 20260527    14:36:34       0      0      1      0      0      0      0  10251   2520      0      0 
 20260527    14:36:35       0      0      1      0      0      0      0  10251   2520      3      0 
 20260527    14:36:36       0      0      7      0      0      0      0    810    405      0      0 
 20260527    14:36:37       0      0     13      0      0      0      0    405    255     11      0 
 20260527    14:36:38       0      0     13      0      0      0      0    405    210      9      0 
 20260527    14:36:39       0      3     13      0      0      0      0    405    210      0      0 
 20260527    14:36:40       0      0     13      0      0      0      0    405    210      0      0 
 20260527    14:36:41       0      0     14      0      0      0      0    405    210      0      1 
 20260527    14:36:42       0      0     14      0      0      0      0    405    210      2      3 
 20260527    14:36:43       0      0     14      0      0      0      0    405    210      0      0 
 20260527    14:36:45       0      0     14      0      0      0      0    405    210      0      0 
 20260527    14:36:46       0      1     14      0      0      0      0    405    210      0      1 
 20260527    14:36:47       0      3     14      0      0      0      0    405    210      0      0 
 20260527    14:36:48       0      0     14      0      0      0      0    405    210      0      0 
 20260